Date,IDStation,NameStation,Ammonia,Benzene,BlackCarbon,CO,NO,NO2,NOx,Ozone,PM10,PM25,Sulfur_dioxide,IDStation,reg_Y_nn1_ID,Date,IDStation,NameStation,Temperature,Relative_humidity,Global_radiation,Rainfall
2019-01-01T00:00:00Z,642,Pavia Via Folperti,6.1,1.7,NA,NA,NA,42.233333333333334,80.7375,9.720833333333333,64,60,3.6458333333333335,642,642,2019-01-01T00:00:00Z,642,Pavia Via Folperti,2.761111111111111,93.16875,25.502777777777776,0
2019-01-02T00:00:00Z,642,Pavia Via Folperti,2.7,0.9,NA,NA,NA,27.045833333333334,53.12083333333333,35.32083333333333,23,22,3.4166666666666665,642,642,2019-01-02T00:00:00Z,642,Pavia Via Folperti,4.784027777777777,57.15,81.1361111111111,0
2019-01-03T00:00:00Z,642,Pavia Via Folperti,2.2,0.9,NA,NA,NA,43.6625,87.29583333333333,29.054166666666667,31,23,3.9625,642,642,2019-01-03T00:00:00Z,642,Pavia Via Folperti,2.816666666666667,45.105555555555554,62.2875,0
2019-01-04T00:00:00Z,642,Pavia Via Folperti,3,1.8,NA,NA,NA,57.670833333333334,172.79583333333335,7.7375,56,46,5.433333333333334,642,642,2019-01-04T00:00:00Z,642,Pavia Via Folperti,-0.5375,70.84375,70.52638888888889,0
2019-01-05T00:00:00Z,642,Pavia Via Folperti,4.2,2.1,NA,NA,NA,58.19166666666666,154.62083333333334,6.391666666666667,63,56,5.4375,642,642,2019-01-05T00:00:00Z,642,Pavia Via Folperti,0.7104166666666667,72.90416666666667,58.93819444444445,0
2019-01-06T00:00:00Z,642,Pavia Via Folperti,5.4,1.9,NA,NA,NA,52.358333333333334,115.05,12.425,51,46,4.975,642,642,2019-01-06T00:00:00Z,642,Pavia Via Folperti,3.8243055555555556,68.27847222222222,76.69722222222222,0
2019-01-07T00:00:00Z,642,Pavia Via Folperti,7,1.8,NA,NA,NA,54.15,129.34166666666667,9.170833333333333,74,70,5.070833333333334,642,642,2019-01-07T00:00:00Z,642,Pavia Via Folperti,1.9840277777777777,78.36666666666666,70.34305555555555,0
2019-01-08T00:00:00Z,642,Pavia Via Folperti,5,2.1,NA,NA,NA,53.84583333333333,124.43333333333334,4.858333333333333,102,77,5.7,642,642,2019-01-08T00:00:00Z,642,Pavia Via Folperti,1.2798611111111111,95.49513888888889,16.943055555555556,0
2019-01-09T00:00:00Z,642,Pavia Via Folperti,2.9,1.4,NA,NA,NA,41.579166666666666,83.6375,24.8,40,29,5.483333333333333,642,642,2019-01-09T00:00:00Z,642,Pavia Via Folperti,2.7715277777777776,71.69722222222222,51.355555555555554,0
2019-01-10T00:00:00Z,642,Pavia Via Folperti,3.2,0.9,NA,NA,NA,47.7375,101.55416666666666,20.079166666666666,20,17,5.25,642,642,2019-01-10T00:00:00Z,642,Pavia Via Folperti,3.2881944444444446,44.84444444444444,80.38194444444444,0
2019-01-11T00:00:00Z,642,Pavia Via Folperti,3.4,1.2,NA,NA,NA,52.958333333333336,121.56666666666666,12.3625,29,23,5.25,642,642,2019-01-11T00:00:00Z,642,Pavia Via Folperti,1.7222222222222223,46.077083333333334,82.87083333333334,0
2019-01-12T00:00:00Z,642,Pavia Via Folperti,4.3,1.5,NA,NA,NA,54.74583333333333,122.575,8.2,43,35,5.195833333333334,642,642,2019-01-12T00:00:00Z,642,Pavia Via Folperti,1.1590277777777778,57.675694444444446,64.15694444444445,0
2019-01-13T00:00:00Z,642,Pavia Via Folperti,9.6,1.9,NA,NA,NA,56.975,153.39166666666665,9.329166666666667,61,58,6.808333333333334,642,642,2019-01-13T00:00:00Z,642,Pavia Via Folperti,2.8048611111111112,72.24513888888889,74.14166666666667,0
2019-01-14T00:00:00Z,642,Pavia Via Folperti,5.2,0.6,NA,NA,NA,37.77916666666667,66.85,36.65416666666667,13,11,5.308333333333334,642,642,2019-01-14T00:00:00Z,642,Pavia Via Folperti,9.463194444444444,51.53333333333333,85.95555555555555,0
2019-01-15T00:00:00Z,642,Pavia Via Folperti,3.2,1,NA,NA,NA,56.6875,147.4125,22.416666666666668,27,22,5.920833333333333,642,642,2019-01-15T00:00:00Z,642,Pavia Via Folperti,5.495138888888889,48.822916666666664,85.07430555555555,0
2019-01-16T00:00:00Z,642,Pavia Via Folperti,3.1,2,NA,NA,NA,67.0875,237.40416666666667,5.625,62,48,8.35,642,642,2019-01-16T00:00:00Z,642,Pavia Via Folperti,3.533333333333333,70.2611111111111,42.15625,0.6000000000000001
2019-01-17T00:00:00Z,642,Pavia Via Folperti,3.9,1.6,NA,NA,NA,56.391666666666666,142.8125,3.591666666666667,55,50,7.125,642,642,2019-01-17T00:00:00Z,642,Pavia Via Folperti,4.774305555555555,91.5875,11.646527777777777,4.6000000000000005
2019-01-18T00:00:00Z,642,Pavia Via Folperti,6.2,1.2,NA,NA,NA,45.78333333333333,89.44166666666666,10.545833333333333,48,43,5.741666666666667,642,642,2019-01-18T00:00:00Z,642,Pavia Via Folperti,4.917361111111111,85.35,81.75625,0
2019-01-19T00:00:00Z,642,Pavia Via Folperti,5,0.4,NA,NA,NA,25.40416666666667,34.520833333333336,35.05,12,11,4.575,642,642,2019-01-19T00:00:00Z,642,Pavia Via Folperti,3.738888888888889,77.12291666666667,45.456944444444446,0
2019-01-20T00:00:00Z,642,Pavia Via Folperti,4.3,1,NA,NA,NA,46.2625,85.5125,13.804166666666667,43,38,4.741666666666666,642,642,2019-01-20T00:00:00Z,642,Pavia Via Folperti,1.3659722222222221,79.0125,82.70208333333333,0
2019-01-21T00:00:00Z,642,Pavia Via Folperti,2.3,1.6,NA,NA,NA,58.3875,165.62916666666666,8.566666666666666,63,65,6.304166666666667,642,642,2019-01-21T00:00:00Z,642,Pavia Via Folperti,0.12013888888888888,84.4576388888889,80.57708333333333,0
2019-01-22T00:00:00Z,642,Pavia Via Folperti,1.6,1.8,NA,NA,NA,56.59166666666667,183.03333333333333,4.9875,73,64,6.970833333333333,642,642,2019-01-22T00:00:00Z,642,Pavia Via Folperti,-2.279166666666667,93.52083333333333,28.504166666666666,0
2019-01-23T00:00:00Z,642,Pavia Via Folperti,3.6,1.3,NA,NA,NA,46.725,98.15,8.366666666666667,46,42,5.716666666666667,642,642,2019-01-23T00:00:00Z,642,Pavia Via Folperti,-1.6958333333333333,95.0013888888889,12.506944444444445,0
2019-01-24T00:00:00Z,642,Pavia Via Folperti,2.9,1.2,NA,NA,NA,44.55,100.41666666666667,14.4125,38,37,5.520833333333333,642,642,2019-01-24T00:00:00Z,642,Pavia Via Folperti,0.47152777777777777,94.34513888888888,89.74791666666667,0
2019-01-25T00:00:00Z,642,Pavia Via Folperti,2,1.5,NA,NA,NA,65.075,140.18333333333334,8.591666666666667,49,47,5.4875,642,642,2019-01-25T00:00:00Z,642,Pavia Via Folperti,-0.8625,86.25555555555556,98.4173611111111,0.2
2019-01-26T00:00:00Z,642,Pavia Via Folperti,3.3,1.4,NA,NA,NA,64.225,125.21666666666667,13.299999999999999,53,48,5.3875,642,642,2019-01-26T00:00:00Z,642,Pavia Via Folperti,0.02222222222222222,70.24513888888889,88.39375,0
2019-01-27T00:00:00Z,642,Pavia Via Folperti,14.7,2,NA,NA,NA,59.395833333333336,136.07916666666668,4.7375,92,87,6.908333333333333,642,642,2019-01-27T00:00:00Z,642,Pavia Via Folperti,0.49027777777777776,85.18402777777777,9.511805555555556,0
2019-01-28T00:00:00Z,642,Pavia Via Folperti,5.7,1.6,NA,NA,NA,59.3875,119.61666666666667,11.720833333333333,71,63,6.3125,642,642,2019-01-28T00:00:00Z,642,Pavia Via Folperti,2.511111111111111,74.06805555555556,98.73402777777778,0
2019-01-29T00:00:00Z,642,Pavia Via Folperti,4.5,1.2,NA,NA,NA,58.4125,131.64166666666665,11.133333333333333,40,37,6.391666666666667,642,642,2019-01-29T00:00:00Z,642,Pavia Via Folperti,1.3333333333333333,66.89027777777778,103.39027777777778,0
2019-01-30T00:00:00Z,642,Pavia Via Folperti,5.6,1.1,NA,NA,NA,51.78333333333333,93.37083333333334,7.716666666666667,38,34,6.208333333333333,642,642,2019-01-30T00:00:00Z,642,Pavia Via Folperti,1.2902777777777779,90.48472222222222,22.64513888888889,4
2019-01-31T00:00:00Z,642,Pavia Via Folperti,3.6,1.2,NA,NA,NA,45.72083333333333,115.175,3.8291666666666666,40,28,5.983333333333333,642,642,2019-01-31T00:00:00Z,642,Pavia Via Folperti,-0.42083333333333334,94.49791666666667,19.405555555555555,0.2
2019-02-01T00:00:00Z,642,Pavia Via Folperti,0.9,1.2,NA,NA,NA,55.791666666666664,118.01666666666667,6.291666666666667,34,31,6.4625,642,642,2019-02-01T00:00:00Z,642,Pavia Via Folperti,0.6451388888888889,96.375,14.023611111111112,0
2019-02-02T00:00:00Z,642,Pavia Via Folperti,1.2,1.1,NA,NA,NA,52.604166666666664,80.20416666666667,13.470833333333333,29,32,5.225,642,642,2019-02-02T00:00:00Z,642,Pavia Via Folperti,1.8729166666666668,93.93472222222222,39.081944444444446,0
2019-02-03T00:00:00Z,642,Pavia Via Folperti,1,0.9,NA,NA,NA,39.75416666666666,66.15,17.0125,22,24,5.195833333333334,642,642,2019-02-03T00:00:00Z,642,Pavia Via Folperti,3.8305555555555557,93.44652777777777,37.950694444444444,0
2019-02-04T00:00:00Z,642,Pavia Via Folperti,1.7,1,NA,NA,NA,49.925,102.77083333333333,13.408333333333333,29,26,5.0625,642,642,2019-02-04T00:00:00Z,642,Pavia Via Folperti,5.158333333333333,76.8326388888889,111.84236111111112,0
2019-02-05T00:00:00Z,642,Pavia Via Folperti,1.8,1.3,NA,NA,NA,63.4375,151.5125,8.470833333333333,50,48,5.758333333333334,642,642,2019-02-05T00:00:00Z,642,Pavia Via Folperti,3.0493055555555557,81.725,106.78958333333334,0
2019-02-06T00:00:00Z,642,Pavia Via Folperti,2.7,1.3,NA,NA,NA,70.18333333333334,132.4875,12.991666666666667,65,61,5.354166666666667,642,642,2019-02-06T00:00:00Z,642,Pavia Via Folperti,3.473611111111111,74.32638888888889,114.9263888888889,0
2019-02-07T00:00:00Z,642,Pavia Via Folperti,4.1,1.3,NA,NA,NA,68.31666666666666,140.96666666666667,10.279166666666667,73,56,6.0875,642,642,2019-02-07T00:00:00Z,642,Pavia Via Folperti,2.604861111111111,73.15347222222222,65.825,0
2019-02-08T00:00:00Z,642,Pavia Via Folperti,4.4,1.6,NA,NA,NA,77.35416666666667,183.65,11.45,82,70,6.929166666666666,642,642,2019-02-08T00:00:00Z,642,Pavia Via Folperti,4.061111111111111,74.90138888888889,109.94444444444444,0
2019-02-09T00:00:00Z,642,Pavia Via Folperti,7.1,1.3,NA,NA,NA,70.5625,119.125,11.445833333333333,72,62,5.433333333333334,642,642,2019-02-09T00:00:00Z,642,Pavia Via Folperti,5.21875,69.41875,91.28958333333334,0
2019-02-10T00:00:00Z,642,Pavia Via Folperti,16.2,1.3,NA,NA,NA,53.145833333333336,110.85833333333333,3.2291666666666665,83,79,6.6375,642,642,2019-02-10T00:00:00Z,642,Pavia Via Folperti,6.122222222222222,87.86180555555555,6.397916666666667,0
2019-02-11T00:00:00Z,642,Pavia Via Folperti,5.6,0.7,NA,NA,NA,30.691666666666666,49.5,38.145833333333336,33,27,3.970833333333333,642,642,2019-02-11T00:00:00Z,642,Pavia Via Folperti,7.477083333333334,54.4875,128.6652777777778,0
2019-02-12T00:00:00Z,642,Pavia Via Folperti,3.8,0.5,NA,NA,NA,43.208333333333336,75.9375,41.49166666666667,15,15,7.491666666666667,642,642,2019-02-12T00:00:00Z,642,Pavia Via Folperti,7.705555555555556,35.483333333333334,134.0951388888889,0
2019-02-13T00:00:00Z,642,Pavia Via Folperti,7.8,0.7,NA,NA,NA,54.420833333333334,110.74583333333334,17.058333333333334,44,33,5.029166666666667,642,642,2019-02-13T00:00:00Z,642,Pavia Via Folperti,5.199305555555555,62.78263888888889,127.4125,0
2019-02-14T00:00:00Z,642,Pavia Via Folperti,7.6,NA,NA,NA,NA,63.166666666666664,125.19583333333334,15.870833333333334,59,54,5.979166666666667,642,642,2019-02-14T00:00:00Z,642,Pavia Via Folperti,5.820833333333334,63.891666666666666,128.4423611111111,0
2019-02-15T00:00:00Z,642,Pavia Via Folperti,11.5,NA,NA,NA,NA,66.8375,117.69166666666666,15.570833333333333,80,68,5.679166666666666,642,642,2019-02-15T00:00:00Z,642,Pavia Via Folperti,6.61875,66.35833333333333,127.6451388888889,0
2019-02-16T00:00:00Z,642,Pavia Via Folperti,16.6,1.2,NA,NA,NA,69.9625,139.60833333333335,16.870833333333334,107,90,5.933333333333334,642,642,2019-02-16T00:00:00Z,642,Pavia Via Folperti,6.39375,72.37916666666666,125.77569444444444,0
2019-02-17T00:00:00Z,642,Pavia Via Folperti,11.6,1,NA,NA,NA,61.145833333333336,114.89166666666667,24.6375,90,78,5.525,642,642,2019-02-17T00:00:00Z,642,Pavia Via Folperti,7.745138888888889,66.24861111111112,131.71805555555557,0
2019-02-18T00:00:00Z,642,Pavia Via Folperti,7.3,NA,NA,NA,NA,37.66086956521739,62.63478260869565,46.483333333333334,43,37,5.3,642,642,2019-02-18T00:00:00Z,642,Pavia Via Folperti,8.813888888888888,68.84722222222223,135.79861111111111,0
2019-02-19T00:00:00Z,642,Pavia Via Folperti,4.7,NA,NA,NA,NA,40.358333333333334,61.420833333333334,42.233333333333334,25,20,5.225,642,642,2019-02-19T00:00:00Z,642,Pavia Via Folperti,8.472916666666666,68.45277777777778,137.81805555555556,0
2019-02-20T00:00:00Z,642,Pavia Via Folperti,8.9,NA,NA,NA,NA,46.041666666666664,74.975,18.295833333333334,44,42,5.441666666666666,642,642,2019-02-20T00:00:00Z,642,Pavia Via Folperti,6.035416666666666,77.96666666666667,122.50347222222221,0
2019-02-21T00:00:00Z,642,Pavia Via Folperti,16,NA,NA,NA,NA,55.704166666666666,124.90416666666667,14.7875,78,59,6.120833333333334,642,642,2019-02-21T00:00:00Z,642,Pavia Via Folperti,6.405555555555556,83.56666666666666,129.46458333333334,0
2019-02-22T00:00:00Z,642,Pavia Via Folperti,7.9,NA,NA,NA,NA,43.65833333333333,66.1875,37.74583333333333,48,41,5.320833333333334,642,642,2019-02-22T00:00:00Z,642,Pavia Via Folperti,11.264583333333333,62.015277777777776,148.86805555555554,0
2019-02-23T00:00:00Z,642,Pavia Via Folperti,13.5,NA,NA,NA,NA,31.429166666666667,41.30833333333333,33.9125,52,40,4.095833333333333,642,642,2019-02-23T00:00:00Z,642,Pavia Via Folperti,6.176388888888889,60.547222222222224,151.12083333333334,0
2019-02-24T00:00:00Z,642,Pavia Via Folperti,13.7,NA,NA,NA,NA,38.37916666666667,49.74166666666667,33.825,34,25,3.4833333333333334,642,642,2019-02-24T00:00:00Z,642,Pavia Via Folperti,4.156944444444444,47.209722222222226,154.95486111111111,0
2019-02-25T00:00:00Z,642,Pavia Via Folperti,12.3,NA,NA,NA,NA,55.291666666666664,103.725,22.108333333333334,60,52,6.1125,642,642,2019-02-25T00:00:00Z,642,Pavia Via Folperti,6.8,49.74375,152.60416666666666,0
2019-02-26T00:00:00Z,642,Pavia Via Folperti,11.4,NA,NA,NA,NA,57.104166666666664,116.95,25.466666666666665,67,55,6.383333333333333,642,642,2019-02-26T00:00:00Z,642,Pavia Via Folperti,9.979861111111111,49.55833333333333,141.07777777777778,0
2019-02-27T00:00:00Z,642,Pavia Via Folperti,13.5,NA,NA,NA,NA,60.82083333333333,101.54583333333333,25.054166666666667,60,53,6.154166666666667,642,642,2019-02-27T00:00:00Z,642,Pavia Via Folperti,11.277083333333334,52.03472222222222,151.90138888888887,0
2019-02-28T00:00:00Z,642,Pavia Via Folperti,10,NA,NA,NA,NA,41.84583333333333,83.525,44.2375,53,42,5.741666666666667,642,642,2019-02-28T00:00:00Z,642,Pavia Via Folperti,10.677083333333334,65.06319444444445,155.6201388888889,0
2019-03-01T00:00:00Z,642,Pavia Via Folperti,8.8,NA,NA,NA,NA,34.525,49.854166666666664,43.87083333333333,55,48,6.2625,642,642,2019-03-01T00:00:00Z,642,Pavia Via Folperti,10.664583333333333,67.99236111111111,157.40972222222223,0
2019-03-02T00:00:00Z,642,Pavia Via Folperti,7.6,NA,NA,NA,NA,40.791666666666664,57.8875,36.208333333333336,24,20,6.304166666666667,642,642,2019-03-02T00:00:00Z,642,Pavia Via Folperti,11.3875,46.77291666666667,127.07638888888889,0
2019-03-03T00:00:00Z,642,Pavia Via Folperti,4.8,NA,NA,NA,NA,27.466666666666665,35.24166666666667,54.270833333333336,20,19,5.2625,642,642,2019-03-03T00:00:00Z,642,Pavia Via Folperti,11.35763888888889,51.96597222222222,162.7763888888889,0
2019-03-04T00:00:00Z,642,Pavia Via Folperti,10.1,NA,NA,NA,NA,42.5625,77.97916666666667,22.575,40,28,7.333333333333333,642,642,2019-03-04T00:00:00Z,642,Pavia Via Folperti,8.67013888888889,78.78958333333334,19.21736111111111,0
2019-03-05T00:00:00Z,642,Pavia Via Folperti,6.4,NA,NA,NA,NA,51.6125,126.67083333333333,22.066666666666666,29,24,8.804166666666667,642,642,2019-03-05T00:00:00Z,642,Pavia Via Folperti,8.681944444444444,63.325694444444444,173.70833333333334,0
2019-03-06T00:00:00Z,642,Pavia Via Folperti,11.6,NA,NA,NA,NA,46,75.73333333333333,24.875,44,35,6.9875,642,642,2019-03-06T00:00:00Z,642,Pavia Via Folperti,9.469444444444445,61.546527777777776,122.45277777777778,0
2019-03-07T00:00:00Z,642,Pavia Via Folperti,17.6,NA,NA,NA,NA,35.5625,55.8625,27.9375,47,39,7.504166666666666,642,642,2019-03-07T00:00:00Z,642,Pavia Via Folperti,12.10763888888889,73.02,7.144,0
2019-03-08T00:00:00Z,642,Pavia Via Folperti,7.7,NA,NA,NA,NA,33.05833333333334,52.479166666666664,35.075,24,14,5.654166666666667,642,642,2019-03-08T00:00:00Z,642,Pavia Via Folperti,12.197222222222223,65.04166666666667,178.80138888888888,0
2019-03-09T00:00:00Z,642,Pavia Via Folperti,5.1,NA,NA,NA,NA,25.46666666666667,35.75833333333333,47.69166666666666,22,13,5.55,642,642,2019-03-09T00:00:00Z,642,Pavia Via Folperti,11.629861111111111,64.46180555555556,170.7722222222222,0
2019-03-10T00:00:00Z,642,Pavia Via Folperti,5.1,NA,NA,NA,NA,19.2125,26.5375,49.94166666666667,19,12,5.616666666666666,642,642,2019-03-10T00:00:00Z,642,Pavia Via Folperti,12.646527777777777,67.44097222222223,176.43402777777777,0
2019-03-11T00:00:00Z,642,Pavia Via Folperti,3.1,NA,NA,NA,NA,19.925,30.933333333333334,54.795833333333334,13,5,4.341666666666667,642,642,2019-03-11T00:00:00Z,642,Pavia Via Folperti,11.565972222222221,42.986805555555556,138.63055555555556,0
2019-03-12T00:00:00Z,642,Pavia Via Folperti,2.6,NA,NA,NA,NA,28.570833333333333,41.141666666666666,54.72083333333333,13,13,4.2125,642,642,2019-03-12T00:00:00Z,642,Pavia Via Folperti,8.443055555555556,33.26111111111111,197.26111111111112,0
2019-03-13T00:00:00Z,642,Pavia Via Folperti,3.4,NA,NA,NA,NA,37.795833333333334,51.575,46.15833333333333,22,19,5.775,642,642,2019-03-13T00:00:00Z,642,Pavia Via Folperti,8.299305555555556,52.50694444444444,160.76041666666666,0
2019-03-14T00:00:00Z,642,Pavia Via Folperti,3.3,NA,NA,NA,NA,33.2375,51.25,43.574999999999996,31,19,5.979166666666667,642,642,2019-03-14T00:00:00Z,642,Pavia Via Folperti,9.575694444444444,52.519444444444446,173.73402777777778,0
2019-03-15T00:00:00Z,642,Pavia Via Folperti,6.1,NA,NA,NA,NA,28.820833333333333,40.12916666666666,53.145833333333336,17,13,6.191666666666666,642,642,2019-03-15T00:00:00Z,642,Pavia Via Folperti,13.71111111111111,45.775,195.71597222222223,0
2019-03-16T00:00:00Z,642,Pavia Via Folperti,6.9,NA,NA,NA,NA,21.833333333333332,28.84166666666667,53.13333333333333,21,10,5.0875,642,642,2019-03-16T00:00:00Z,642,Pavia Via Folperti,15.802083333333334,51.18819444444444,186.33263888888888,0
2019-03-17T00:00:00Z,642,Pavia Via Folperti,5.8,NA,NA,NA,NA,35.145833333333336,47.295833333333334,26.4375,33,25,5.658333333333333,642,642,2019-03-17T00:00:00Z,642,Pavia Via Folperti,11.04375,71.90833333333333,39.392361111111114,0
2019-03-18T00:00:00Z,642,Pavia Via Folperti,3.9,NA,NA,NA,NA,20.9,29.054166666666667,61.233333333333334,4,NA,4.125,642,642,2019-03-18T00:00:00Z,642,Pavia Via Folperti,11.528472222222222,53.07638888888889,210.98472222222222,2.8000000000000003
2019-03-19T00:00:00Z,642,Pavia Via Folperti,4.3,NA,NA,NA,NA,25,35.104166666666664,50.2625,11,7,3.808333333333333,642,642,2019-03-19T00:00:00Z,642,Pavia Via Folperti,8.613888888888889,59.477777777777774,210.30069444444445,0
2019-03-20T00:00:00Z,642,Pavia Via Folperti,6.7,NA,NA,NA,NA,31.066666666666666,39.795833333333334,43.875,22,14,3.5666666666666664,642,642,2019-03-20T00:00:00Z,642,Pavia Via Folperti,7.745138888888889,51.37986111111111,216.02916666666667,0
2019-03-21T00:00:00Z,642,Pavia Via Folperti,8.5,NA,NA,NA,NA,39.11666666666667,50.1375,42.52916666666667,31,27,3.55,642,642,2019-03-21T00:00:00Z,642,Pavia Via Folperti,8.23125,48.62152777777778,217.21458333333334,0
2019-03-22T00:00:00Z,642,Pavia Via Folperti,8.5,NA,NA,NA,NA,59.3125,91.875,34.11666666666667,50,40,4.8375,642,642,2019-03-22T00:00:00Z,642,Pavia Via Folperti,10.209027777777777,49.77569444444445,219.04444444444445,0
2019-03-23T00:00:00Z,642,Pavia Via Folperti,9.4,NA,NA,NA,NA,50.8125,66.5625,45.275,45,38,4.966666666666667,642,642,2019-03-23T00:00:00Z,642,Pavia Via Folperti,12.204166666666667,45.81597222222222,219.125,0
2019-03-24T00:00:00Z,642,Pavia Via Folperti,9.3,NA,NA,NA,NA,40.5875,49.016666666666666,68.02083333333333,37,35,5.908333333333333,642,642,2019-03-24T00:00:00Z,642,Pavia Via Folperti,15.174305555555556,40.34652777777778,220.17013888888889,0
2019-03-25T00:00:00Z,642,Pavia Via Folperti,4.7,NA,NA,NA,NA,27,34.07083333333333,87.59583333333333,31,21,5.479166666666667,642,642,2019-03-25T00:00:00Z,642,Pavia Via Folperti,15.002083333333333,38.96458333333333,221.65347222222223,0
2019-03-26T00:00:00Z,642,Pavia Via Folperti,3.4,NA,NA,NA,NA,19.891666666666666,25.554166666666667,71.57083333333334,6,6,3.841666666666667,642,642,2019-03-26T00:00:00Z,642,Pavia Via Folperti,10.434027777777779,45.204166666666666,223.44444444444446,0.8
2019-03-27T00:00:00Z,642,Pavia Via Folperti,6.9,NA,NA,NA,NA,29.8375,37.1,50.2125,22,15,4.216666666666667,642,642,2019-03-27T00:00:00Z,642,Pavia Via Folperti,9.094444444444445,45.75972222222222,225.28680555555556,0
2019-03-28T00:00:00Z,642,Pavia Via Folperti,7.6,NA,NA,NA,NA,31.5875,39.96666666666667,47.2125,25,19,4.241666666666666,642,642,2019-03-28T00:00:00Z,642,Pavia Via Folperti,9.279861111111112,49.61388888888889,231.64236111111111,0
2019-03-29T00:00:00Z,642,Pavia Via Folperti,7.7,NA,NA,NA,NA,44.670833333333334,62.49583333333333,42.7125,38,31,4.558333333333334,642,642,2019-03-29T00:00:00Z,642,Pavia Via Folperti,10.868055555555555,50.375,229.82916666666668,0
2019-03-30T00:00:00Z,642,Pavia Via Folperti,3.6,0.7,NA,NA,NA,38.541666666666664,48.733333333333334,57.61666666666667,38,34,4.766666666666667,642,642,2019-03-30T00:00:00Z,642,Pavia Via Folperti,12.177083333333334,48.71944444444444,235.98333333333335,0
2019-03-31T00:00:00Z,642,Pavia Via Folperti,4.3,0.6,NA,NA,NA,32.925,38.9125,77.77916666666667,51,34,5.041666666666667,642,642,2019-03-31T00:00:00Z,642,Pavia Via Folperti,13.359722222222222,44.95,237.9673611111111,0
2019-04-01T00:00:00Z,642,Pavia Via Folperti,5.2,0.7,NA,NA,NA,45.125,56.425,57.36666666666667,49,31,4.8,642,642,2019-04-01T00:00:00Z,642,Pavia Via Folperti,13.296527777777778,47.90555555555556,210.5715277777778,0
2019-04-02T00:00:00Z,642,Pavia Via Folperti,6,0.6,NA,NA,NA,47.42916666666667,60.05833333333333,53.141666666666666,48,NA,5.004166666666666,642,642,2019-04-02T00:00:00Z,642,Pavia Via Folperti,14.514583333333333,50.421527777777776,181.12222222222223,0
2019-04-03T00:00:00Z,642,Pavia Via Folperti,4.7,0.4,NA,NA,NA,31.0125,41.6,47.4375,18,NA,5.208333333333333,642,642,2019-04-03T00:00:00Z,642,Pavia Via Folperti,11.274305555555555,73.63888888888889,64.98194444444444,2.8000000000000003
2019-04-04T00:00:00Z,642,Pavia Via Folperti,5.4,0.3,NA,NA,NA,22.245833333333334,28.579166666666666,50.45,23,14,4.725,642,642,2019-04-04T00:00:00Z,642,Pavia Via Folperti,10.241666666666667,87.72708333333334,33.32986111111111,10.4
2019-04-05T00:00:00Z,642,Pavia Via Folperti,2.7,0.3,NA,NA,NA,22.120833333333334,28.879166666666666,70.32083333333334,9,9,3.8791666666666664,642,642,2019-04-05T00:00:00Z,642,Pavia Via Folperti,11.615972222222222,62.76111111111111,204.86805555555554,0
2019-04-06T00:00:00Z,642,Pavia Via Folperti,3.3,0.2,NA,NA,NA,17.95,22.6,65.18333333333334,17,16,3.9,642,642,2019-04-06T00:00:00Z,642,Pavia Via Folperti,12.472222222222221,66.49166666666666,148.33125,0
2019-04-07T00:00:00Z,642,Pavia Via Folperti,3.3,0.3,NA,NA,NA,17.583333333333332,22.6,60.00416666666667,20,18,4.016666666666667,642,642,2019-04-07T00:00:00Z,642,Pavia Via Folperti,10.768055555555556,84.31458333333333,82.23055555555555,8.4
2019-04-08T00:00:00Z,642,Pavia Via Folperti,2,0.3,NA,NA,NA,19.294999999999998,27.345,71.315,NA,NA,3.355,642,642,2019-04-08T00:00:00Z,642,Pavia Via Folperti,12.63076923076923,67.01196581196581,323.425641025641,0.2
2019-04-09T00:00:00Z,642,Pavia Via Folperti,NA,NA,NA,NA,NA,23.88,32.36,77.02666666666667,NA,NA,4.257142857142857,642,642,2019-04-09T00:00:00Z,642,Pavia Via Folperti,15.937234042553191,55.20957446808511,351.50106382978726,0
2019-04-10T00:00:00Z,642,Pavia Via Folperti,2,0.3,NA,NA,NA,25.6625,35.18333333333333,63.17916666666667,17,13,3.970833333333333,642,642,2019-04-10T00:00:00Z,642,Pavia Via Folperti,12.979861111111111,71.13472222222222,179.64097222222222,14
2019-04-11T00:00:00Z,642,Pavia Via Folperti,0.8,0.4,NA,NA,NA,17.316666666666666,22.645833333333332,55.19583333333333,12,13,4.470833333333333,642,642,2019-04-11T00:00:00Z,642,Pavia Via Folperti,11.41388888888889,91.87291666666667,65.20069444444444,13.8
2019-04-12T00:00:00Z,642,Pavia Via Folperti,1.3,0.5,NA,NA,NA,17.979166666666668,23.570833333333333,49.45,20,19,4.570833333333333,642,642,2019-04-12T00:00:00Z,642,Pavia Via Folperti,12.88888888888889,81.01388888888889,131.90208333333334,0.8
2019-04-13T00:00:00Z,642,Pavia Via Folperti,2,0.4,NA,NA,NA,11.991666666666667,15.841666666666667,64.30833333333334,20,18,3.504166666666667,642,642,2019-04-13T00:00:00Z,642,Pavia Via Folperti,11.897916666666667,72.02361111111111,218.05972222222223,0
2019-04-14T00:00:00Z,642,Pavia Via Folperti,1.2,0.4,NA,NA,NA,11.925,15.245833333333334,67.17916666666666,10,10,3.2708333333333335,642,642,2019-04-14T00:00:00Z,642,Pavia Via Folperti,8.485416666666667,84.6138888888889,51.28611111111111,5
2019-04-15T00:00:00Z,642,Pavia Via Folperti,0.6,0.6,NA,NA,NA,20.625,29.404166666666665,36.60909090909091,16,12,3.2125,642,642,2019-04-15T00:00:00Z,642,Pavia Via Folperti,12.352083333333333,69.21666666666667,254.22847222222222,0
2019-04-16T00:00:00Z,642,Pavia Via Folperti,1.4,0.6,NA,NA,NA,29.454166666666666,42.44583333333333,NA,26,25,3.5083333333333333,642,642,2019-04-16T00:00:00Z,642,Pavia Via Folperti,13.177083333333334,67.10972222222222,243.12847222222223,0
2019-04-17T00:00:00Z,642,Pavia Via Folperti,1.3,0.6,NA,NA,NA,29.9375,39.94166666666667,NA,29,25,3.8625,642,642,2019-04-17T00:00:00Z,642,Pavia Via Folperti,15.011111111111111,58.30416666666667,264.39444444444445,0
2019-04-18T00:00:00Z,642,Pavia Via Folperti,3.4,0.4,NA,NA,NA,27.579166666666666,34.55416666666667,79.23846153846154,33,30,2.5083333333333333,642,642,2019-04-18T00:00:00Z,642,Pavia Via Folperti,14.83611111111111,60.81319444444444,263.03472222222223,0
2019-04-19T00:00:00Z,642,Pavia Via Folperti,6.4,0.4,NA,NA,NA,20.304166666666667,25.466666666666665,54.06666666666666,29,22,1.55,642,642,2019-04-19T00:00:00Z,642,Pavia Via Folperti,14.802083333333334,57.729166666666664,275.175,0
2019-04-20T00:00:00Z,642,Pavia Via Folperti,5.8,0.5,NA,NA,NA,26.691666666666666,37.15,47.68333333333334,29,23,1.8,642,642,2019-04-20T00:00:00Z,642,Pavia Via Folperti,15.49375,58.66458333333333,273.38125,0
2019-04-21T00:00:00Z,642,Pavia Via Folperti,8.4,0.3,NA,NA,NA,15.725,20.2125,53.37083333333333,19,17,1.7291666666666667,642,642,2019-04-21T00:00:00Z,642,Pavia Via Folperti,15.854861111111111,52.636805555555554,160.23402777777778,0
2019-04-22T00:00:00Z,642,Pavia Via Folperti,6.4,0.2,NA,NA,NA,9.004166666666666,12.125,64.94166666666666,29,18,1.4208333333333334,642,642,2019-04-22T00:00:00Z,642,Pavia Via Folperti,15.31875,62.94861111111111,148.8388888888889,1.6
2019-04-23T00:00:00Z,642,Pavia Via Folperti,1.7,0.2,NA,NA,NA,10.291666666666666,13.3875,55.8,13,10,1.5416666666666667,642,642,2019-04-23T00:00:00Z,642,Pavia Via Folperti,12.752083333333333,95.63125,26.268055555555556,20.6
2019-04-24T00:00:00Z,642,Pavia Via Folperti,2.3,0.3,NA,NA,NA,15.8,21.170833333333334,33.645833333333336,26,12,1.8875,642,642,2019-04-24T00:00:00Z,642,Pavia Via Folperti,15.047222222222222,89.48055555555555,95.47430555555556,1.8
2019-04-25T00:00:00Z,642,Pavia Via Folperti,2.5,NA,NA,NA,NA,16.275,22.754166666666666,21.554166666666667,36,19,2.025,642,642,2019-04-25T00:00:00Z,642,Pavia Via Folperti,13.970833333333333,94.40208333333334,94.80277777777778,0.4
2019-04-26T00:00:00Z,642,Pavia Via Folperti,1.9,NA,NA,NA,NA,18.408333333333335,23.770833333333332,52.104166666666664,20,22,1.8208333333333333,642,642,2019-04-26T00:00:00Z,642,Pavia Via Folperti,15.327777777777778,76.07430555555555,188.25694444444446,0.2
2019-04-27T00:00:00Z,642,Pavia Via Folperti,1.2,0.1,NA,NA,NA,16.741666666666667,22.658333333333335,73.3625,8,3,1.825,642,642,2019-04-27T00:00:00Z,642,Pavia Via Folperti,15.284027777777778,53.92638888888889,291.3263888888889,0
2019-04-28T00:00:00Z,642,Pavia Via Folperti,0.5,0,NA,NA,NA,11.6375,15.8125,76.86666666666666,9,NA,1.6666666666666667,642,642,2019-04-28T00:00:00Z,642,Pavia Via Folperti,14.938888888888888,45.10347222222222,306.9583333333333,0
2019-04-29T00:00:00Z,642,Pavia Via Folperti,0.9,0.1,NA,NA,NA,15.541666666666666,21.058333333333334,59.96666666666667,9,11,1.7125,642,642,2019-04-29T00:00:00Z,642,Pavia Via Folperti,11.347916666666666,66.19513888888889,203.20277777777778,0
2019-04-30T00:00:00Z,642,Pavia Via Folperti,0.7,0.2,NA,NA,NA,19.875,26.945833333333333,74.87916666666666,5,1,1.9458333333333333,642,642,2019-04-30T00:00:00Z,642,Pavia Via Folperti,15.402083333333334,50.93888888888889,294.925,0
2019-05-01T00:00:00Z,642,Pavia Via Folperti,1.8,0.2,NA,NA,NA,16.383333333333333,21.733333333333334,84.0875,13,9,2.191666666666667,642,642,2019-05-01T00:00:00Z,642,Pavia Via Folperti,16.089583333333334,53.40347222222222,306.1722222222222,0
2019-05-02T00:00:00Z,642,Pavia Via Folperti,0.6,0.1,NA,NA,NA,15.483333333333333,22.025,83.8125,16,9,1.7833333333333334,642,642,2019-05-02T00:00:00Z,642,Pavia Via Folperti,15.306944444444444,62.88194444444444,244.59444444444443,0
2019-05-03T00:00:00Z,642,Pavia Via Folperti,0.5,0.4,NA,NA,NA,17.770833333333332,25.895833333333332,60.229166666666664,14,7,1.9833333333333334,642,642,2019-05-03T00:00:00Z,642,Pavia Via Folperti,14.019444444444444,82.60138888888889,117.64652777777778,7.2
2019-05-04T00:00:00Z,642,Pavia Via Folperti,0.9,0.1,NA,NA,NA,12.491666666666667,17.225,72.55,19,12,1.9166666666666667,642,642,2019-05-04T00:00:00Z,642,Pavia Via Folperti,14.719444444444445,78.95138888888889,227.59652777777777,8.200000000000001
2019-05-05T00:00:00Z,642,Pavia Via Folperti,0,0.1,NA,NA,NA,9.566666666666666,13.283333333333333,70.88333333333334,1,7,1.8875,642,642,2019-05-05T00:00:00Z,642,Pavia Via Folperti,8.7,85.29861111111111,66.65069444444444,16.400000000000002
2019-05-06T00:00:00Z,642,Pavia Via Folperti,0.1,0.2,NA,NA,NA,17.145833333333332,24.9375,62.15833333333333,5,5,1.7416666666666667,642,642,2019-05-06T00:00:00Z,642,Pavia Via Folperti,11.82986111111111,59.0125,322.85625,0.2
2019-05-07T00:00:00Z,642,Pavia Via Folperti,1.1,0.2,NA,NA,NA,19.6125,25.708333333333332,65.12083333333334,20,2,1.6541666666666668,642,642,2019-05-07T00:00:00Z,642,Pavia Via Folperti,13.092361111111112,63.549305555555556,230.03055555555557,0
2019-05-08T00:00:00Z,642,Pavia Via Folperti,2,0.2,NA,NA,NA,21.395833333333332,27.67391304347826,47.81666666666667,21,20,1.8708333333333333,642,642,2019-05-08T00:00:00Z,642,Pavia Via Folperti,11.253472222222221,87.49375,39.670833333333334,8
2019-05-09T00:00:00Z,642,Pavia Via Folperti,1,0.2,NA,NA,NA,18.1875,23.220833333333335,76.75,15,11,1.8958333333333333,642,642,2019-05-09T00:00:00Z,642,Pavia Via Folperti,13.896527777777777,77.83402777777778,258.15416666666664,5
2019-05-10T00:00:00Z,642,Pavia Via Folperti,3.6,0.3,NA,NA,NA,22.779166666666665,30.691666666666666,62.24166666666667,19,20,1.8625,642,642,2019-05-10T00:00:00Z,642,Pavia Via Folperti,17.18888888888889,68.10972222222222,313.2597222222222,0
2019-05-11T00:00:00Z,642,Pavia Via Folperti,1.8,0.2,NA,NA,NA,17.270833333333332,22.9875,59.00833333333333,12,7,1.7583333333333333,642,642,2019-05-11T00:00:00Z,642,Pavia Via Folperti,14.720833333333333,79.1,157.49027777777778,15.2
2019-05-12T00:00:00Z,642,Pavia Via Folperti,NA,0.1,NA,NA,NA,NA,NA,NA,7,2,1.8599999999999999,642,642,2019-05-12T00:00:00Z,642,Pavia Via Folperti,13.665277777777778,71.37361111111112,136.22916666666666,0.2
2019-05-13T00:00:00Z,642,Pavia Via Folperti,NA,0.2,NA,NA,NA,NA,NA,NA,7,6,NA,642,642,2019-05-13T00:00:00Z,642,Pavia Via Folperti,15.44822695035461,60.56595744680851,154.37163120567376,0
2019-05-14T00:00:00Z,642,Pavia Via Folperti,NA,NA,NA,NA,NA,11.254545454545454,15.563636363636364,88,20,17,1.4454545454545453,642,642,2019-05-14T00:00:00Z,642,Pavia Via Folperti,14.13021582733813,62.75323741007194,281.7791366906475,0
2019-05-15T00:00:00Z,642,Pavia Via Folperti,3.8,0.3,NA,NA,NA,17.833333333333332,25.6125,55.670833333333334,11,9,1.6333333333333333,642,642,2019-05-15T00:00:00Z,642,Pavia Via Folperti,10.777777777777779,67.83125,271.74791666666664,0
2019-05-16T00:00:00Z,642,Pavia Via Folperti,3,0.3,NA,NA,NA,18.404166666666665,28.383333333333333,57.30833333333333,24,16,1.8375,642,642,2019-05-16T00:00:00Z,642,Pavia Via Folperti,14.159722222222221,63.859722222222224,323.2159722222222,0
2019-05-17T00:00:00Z,642,Pavia Via Folperti,5.2,0.2,NA,NA,NA,20.2375,27.15416666666667,57.079166666666666,20,19,2.05,642,642,2019-05-17T00:00:00Z,642,Pavia Via Folperti,14.408333333333333,74.52222222222223,165.12222222222223,10
2019-05-18T00:00:00Z,642,Pavia Via Folperti,0.7,0.3,NA,NA,NA,19.791666666666668,24.9875,49.6375,12,12,2.1875,642,642,2019-05-18T00:00:00Z,642,Pavia Via Folperti,12.919444444444444,96.6763888888889,44.09375,12.200000000000001
2019-05-19T00:00:00Z,642,Pavia Via Folperti,0.2,0.1,NA,NA,NA,12.8,17.1375,58.395833333333336,7,8,2.0458333333333334,642,642,2019-05-19T00:00:00Z,642,Pavia Via Folperti,13.083333333333334,97.0625,67.10138888888889,10.6
2019-05-20T00:00:00Z,642,Pavia Via Folperti,0.4,0.2,NA,NA,NA,19.77916666666667,27.541666666666668,54.458333333333336,20,7,1.9708333333333334,642,642,2019-05-20T00:00:00Z,642,Pavia Via Folperti,14.896527777777777,85.50625,102.89027777777778,1.8
2019-05-21T00:00:00Z,642,Pavia Via Folperti,1,0.5,NA,NA,NA,14.450000000000001,20.308333333333334,84.875,12,7,1.8041666666666667,642,642,2019-05-21T00:00:00Z,642,Pavia Via Folperti,18.120833333333334,65.65347222222222,326.24097222222224,0
2019-05-22T00:00:00Z,642,Pavia Via Folperti,0.7,0.5,NA,NA,NA,16.783333333333335,23.4,84.6625,13,7,1.8083333333333333,642,642,2019-05-22T00:00:00Z,642,Pavia Via Folperti,18.964583333333334,64.74305555555556,333.3284722222222,0
2019-05-23T00:00:00Z,642,Pavia Via Folperti,1.2,0.5,NA,NA,NA,17.65,23.745833333333334,91.1875,18,11,1.925,642,642,2019-05-23T00:00:00Z,642,Pavia Via Folperti,19.93611111111111,62.38263888888889,330.78055555555557,0
2019-05-24T00:00:00Z,642,Pavia Via Folperti,1.7,0.2,NA,NA,NA,16.633333333333333,22.345833333333335,90.37916666666666,16,10,1.7708333333333333,642,642,2019-05-24T00:00:00Z,642,Pavia Via Folperti,19.913888888888888,61.37847222222222,308.1020833333333,0
2019-05-25T00:00:00Z,642,Pavia Via Folperti,2.5,0.3,NA,NA,NA,17.2,22.316666666666666,84.30833333333334,19,13,1.6625,642,642,2019-05-25T00:00:00Z,642,Pavia Via Folperti,18.044444444444444,75.32847222222222,240.54375,11.2
2019-05-26T00:00:00Z,642,Pavia Via Folperti,4.2,0.3,NA,NA,NA,10.579166666666667,15.1375,72.54166666666667,16,NA,1.625,642,642,2019-05-26T00:00:00Z,642,Pavia Via Folperti,18.094444444444445,81.32847222222222,159.95555555555555,0.2
2019-05-27T00:00:00Z,642,Pavia Via Folperti,2.9,0.6,NA,NA,NA,12.158333333333333,16.1625,68.96666666666667,12,8,1.6458333333333333,642,642,2019-05-27T00:00:00Z,642,Pavia Via Folperti,15.950694444444444,93.78680555555556,58.02013888888889,6.4
2019-05-28T00:00:00Z,642,Pavia Via Folperti,1,0.4,NA,NA,NA,18.825,26.216666666666665,50.96666666666667,25,18,1.9958333333333333,642,642,2019-05-28T00:00:00Z,642,Pavia Via Folperti,15.925694444444444,90.55763888888889,163.20555555555555,24.2
2019-05-29T00:00:00Z,642,Pavia Via Folperti,0.6,0.4,NA,NA,NA,14.820833333333333,21.445833333333333,52.05,5,1,1.7916666666666667,642,642,2019-05-29T00:00:00Z,642,Pavia Via Folperti,15.913194444444445,75.35555555555555,153.82222222222222,1.8
2019-05-30T00:00:00Z,642,Pavia Via Folperti,2,0.6,NA,NA,NA,16.5,24.758333333333333,59.0375,10,7,1.5625,642,642,2019-05-30T00:00:00Z,642,Pavia Via Folperti,18.488194444444446,66.23194444444445,330.56111111111113,0
2019-05-31T00:00:00Z,642,Pavia Via Folperti,4.5,0.4,NA,NA,NA,16.854166666666668,23.058333333333334,70.18333333333334,7,6,1.4,642,642,2019-05-31T00:00:00Z,642,Pavia Via Folperti,19.14097222222222,59.30694444444445,347.31041666666664,0
2019-06-01T00:00:00Z,642,Pavia Via Folperti,4.9,0.3,NA,NA,NA,20.229166666666668,26.541666666666668,80.24166666666666,14,11,1.6541666666666666,642,642,2019-06-01T00:00:00Z,642,Pavia Via Folperti,21.052777777777777,57.39652777777778,347.72083333333336,0
2019-06-02T00:00:00Z,642,Pavia Via Folperti,4.4,0.3,NA,NA,NA,16.375,21.379166666666666,86.87083333333334,10,9,2.3041666666666667,642,642,2019-06-02T00:00:00Z,642,Pavia Via Folperti,23.70277777777778,53.475,343.1923611111111,0
2019-06-03T00:00:00Z,642,Pavia Via Folperti,3.8,0.3,NA,NA,NA,18.629166666666666,24.383333333333333,93.87916666666666,14,13,1.9166666666666667,642,642,2019-06-03T00:00:00Z,642,Pavia Via Folperti,24.3,48.83263888888889,340.61319444444445,0
2019-06-04T00:00:00Z,642,Pavia Via Folperti,4.5,0.5,NA,NA,NA,16.216666666666665,21.8375,98.1375,15,7,1.7916666666666667,642,642,2019-06-04T00:00:00Z,642,Pavia Via Folperti,24.564583333333335,51.38611111111111,330.69444444444446,0
2019-06-05T00:00:00Z,642,Pavia Via Folperti,5.4,0.5,NA,NA,NA,17.7,23.475,90.88333333333333,14,6,1.8958333333333333,642,642,2019-06-05T00:00:00Z,642,Pavia Via Folperti,23.902083333333334,50.488194444444446,332.89444444444445,0
2019-06-06T00:00:00Z,642,Pavia Via Folperti,6.7,0.4,NA,NA,NA,17.883333333333333,25.020833333333332,72.74583333333334,15,4,1.8291666666666666,642,642,2019-06-06T00:00:00Z,642,Pavia Via Folperti,21.409027777777776,58.354166666666664,276.1097222222222,0
2019-06-07T00:00:00Z,642,Pavia Via Folperti,5,0.5,NA,NA,NA,14.0875,19.71666666666667,80.525,24,7,1.8791666666666667,642,642,2019-06-07T00:00:00Z,642,Pavia Via Folperti,21.10763888888889,57.25763888888889,274.5861111111111,0
2019-06-08T00:00:00Z,642,Pavia Via Folperti,4.3,0.6,NA,NA,NA,13.266666666666666,18.9875,87.875,17,7,1.7625,642,642,2019-06-08T00:00:00Z,642,Pavia Via Folperti,23.643055555555556,55.75,318.75694444444446,0
2019-06-09T00:00:00Z,642,Pavia Via Folperti,6.5,0.4,NA,NA,NA,17.070833333333333,22.691666666666666,75.42083333333333,24,14,1.5708333333333333,642,642,2019-06-09T00:00:00Z,642,Pavia Via Folperti,21.508333333333333,63.00486111111111,160.17152777777778,0
2019-06-10T00:00:00Z,642,Pavia Via Folperti,14.5,0.5,NA,NA,NA,20.59166666666667,27.720833333333335,66.05416666666666,NA,NA,1.7458333333333333,642,642,2019-06-10T00:00:00Z,642,Pavia Via Folperti,23.130555555555556,71.33402777777778,193.8111111111111,0.2
2019-06-11T00:00:00Z,642,Pavia Via Folperti,10.2,0.4,NA,NA,NA,13.820833333333333,19.545833333333334,79.92916666666667,40,13,1.8333333333333333,642,642,2019-06-11T00:00:00Z,642,Pavia Via Folperti,21.383333333333333,65.60763888888889,224.68958333333333,6.2
2019-06-12T00:00:00Z,642,Pavia Via Folperti,7.5,0.5,NA,NA,NA,13.491666666666667,19.329166666666666,77.02083333333333,22,7,1.9708333333333332,642,642,2019-06-12T00:00:00Z,642,Pavia Via Folperti,23.494444444444444,57.852777777777774,303.8576388888889,0.8
2019-06-13T00:00:00Z,642,Pavia Via Folperti,2.5,0.5,NA,NA,NA,18.395833333333332,26.316666666666666,89.02916666666667,7,NA,2.0833333333333335,642,642,2019-06-13T00:00:00Z,642,Pavia Via Folperti,22.077083333333334,37.608333333333334,353.06111111111113,0
2019-06-14T00:00:00Z,642,Pavia Via Folperti,13.9,0.4,NA,NA,NA,23.566666666666666,32.141666666666666,91.4875,30,22,2.0666666666666664,642,642,2019-06-14T00:00:00Z,642,Pavia Via Folperti,23.349305555555556,47.40972222222222,288.44097222222223,0
2019-06-15T00:00:00Z,642,Pavia Via Folperti,11.2,0.4,NA,NA,NA,12.775,17.741666666666667,94.05,39,22,1.6333333333333333,642,642,2019-06-15T00:00:00Z,642,Pavia Via Folperti,24.06388888888889,62.017361111111114,293.3881944444444,0
2019-06-16T00:00:00Z,642,Pavia Via Folperti,3.9,0.5,NA,NA,NA,14.8,19.1375,96.03333333333333,16,9,2.720833333333333,642,642,2019-06-16T00:00:00Z,642,Pavia Via Folperti,25.073611111111113,50.5375,350.44166666666666,0
2019-06-17T00:00:00Z,642,Pavia Via Folperti,8.9,0.7,NA,NA,NA,16.904166666666665,21.770833333333332,97.70833333333334,NA,13,2.7291666666666665,642,642,2019-06-17T00:00:00Z,642,Pavia Via Folperti,25.76597222222222,49.892361111111114,322.3652777777778,0
2019-06-18T00:00:00Z,642,Pavia Via Folperti,15.6,0.4,NA,NA,NA,21.579166666666666,28.341666666666665,87.26666666666667,NA,NA,2.4375,642,642,2019-06-18T00:00:00Z,642,Pavia Via Folperti,26.030555555555555,56.91041666666667,307.82430555555555,0
2019-06-19T00:00:00Z,642,Pavia Via Folperti,9.1,NA,NA,NA,NA,17.858333333333334,23.866666666666667,103.13333333333334,NA,NA,3.8125,642,642,2019-06-19T00:00:00Z,642,Pavia Via Folperti,26.555555555555557,44.18819444444444,331.5180555555556,0
2019-06-20T00:00:00Z,642,Pavia Via Folperti,3.6,NA,NA,NA,NA,15.833333333333334,21.7875,91.96249999999999,NA,NA,2.4583333333333335,642,642,2019-06-20T00:00:00Z,642,Pavia Via Folperti,24.91111111111111,39.484722222222224,309.95694444444445,0
2019-06-21T00:00:00Z,642,Pavia Via Folperti,4.7,0.2,NA,NA,NA,17.004166666666666,22.875,95.86666666666667,21,11,2.6416666666666666,642,642,2019-06-21T00:00:00Z,642,Pavia Via Folperti,24.82638888888889,47.97708333333333,277.4194444444444,0
2019-06-22T00:00:00Z,642,Pavia Via Folperti,7.6,0.2,NA,NA,NA,13.8625,18.9625,81.40833333333333,20,12,1.7875,642,642,2019-06-22T00:00:00Z,642,Pavia Via Folperti,21.97222222222222,65.31180555555555,208.94097222222223,0
2019-06-23T00:00:00Z,642,Pavia Via Folperti,5.8,0.1,NA,NA,NA,11.25,16.008333333333333,97.95833333333333,12,12,2.1,642,642,2019-06-23T00:00:00Z,642,Pavia Via Folperti,24.264583333333334,59.00625,340.12430555555557,0
2019-06-24T00:00:00Z,642,Pavia Via Folperti,7.3,0.2,NA,NA,NA,20.34166666666667,26.691666666666666,103.7375,14,NA,2.3875,642,642,2019-06-24T00:00:00Z,642,Pavia Via Folperti,26.347916666666666,54.21666666666667,326.8486111111111,0
2019-06-25T00:00:00Z,642,Pavia Via Folperti,18.8,NA,NA,NA,NA,26.9125,35.69583333333333,99.49166666666666,47,10,2.3583333333333334,642,642,2019-06-25T00:00:00Z,642,Pavia Via Folperti,27.542361111111113,57.97291666666666,316.87569444444443,0
2019-06-26T00:00:00Z,642,Pavia Via Folperti,18.5,NA,NA,NA,NA,26.020833333333332,34.84583333333333,115.47916666666667,48,39,2.125,642,642,2019-06-26T00:00:00Z,642,Pavia Via Folperti,28.854166666666668,60.68402777777778,309.4326388888889,0
2019-06-27T00:00:00Z,642,Pavia Via Folperti,13.7,NA,NA,NA,NA,22.395833333333332,28.625,136.40416666666667,50,36,2.0875,642,642,2019-06-27T00:00:00Z,642,Pavia Via Folperti,31.108333333333334,59.636805555555554,320.83125,0
2019-06-28T00:00:00Z,642,Pavia Via Folperti,13,NA,NA,NA,NA,16.283333333333335,21.15833333333333,149.0125,44,28,2.3375,642,642,2019-06-28T00:00:00Z,642,Pavia Via Folperti,31.043055555555554,55.16319444444444,314.0826388888889,0
2019-06-29T00:00:00Z,642,Pavia Via Folperti,17,NA,NA,NA,NA,12.8125,17.254166666666666,115.73333333333333,21,9,2.4625,642,642,2019-06-29T00:00:00Z,642,Pavia Via Folperti,29.184722222222224,47.96875,317.90486111111113,0
2019-06-30T00:00:00Z,642,Pavia Via Folperti,11.5,NA,NA,NA,NA,16.15,21.466666666666665,116.44166666666666,29,14,2.7416666666666667,642,642,2019-06-30T00:00:00Z,642,Pavia Via Folperti,28.26736111111111,49.329861111111114,321.1791666666667,0
2019-07-01T00:00:00Z,642,Pavia Via Folperti,NA,NA,NA,NA,NA,20.754166666666666,26.920833333333334,109.72083333333333,40,28,3.4416666666666664,642,642,2019-07-01T00:00:00Z,642,Pavia Via Folperti,27.97013888888889,57.013888888888886,284.5208333333333,0
2019-07-02T00:00:00Z,642,Pavia Via Folperti,NA,0.3,NA,NA,NA,15.660869565217391,20.92608695652174,102.47826086956522,14,8,2.247826086956522,642,642,2019-07-02T00:00:00Z,642,Pavia Via Folperti,28.403472222222224,50.010416666666664,326.0076388888889,0
2019-07-03T00:00:00Z,642,Pavia Via Folperti,NA,0.3,NA,NA,NA,14.725,19.8,122.94583333333334,26,16,2.4208333333333334,642,642,2019-07-03T00:00:00Z,642,Pavia Via Folperti,27.005555555555556,57.260416666666664,299.9472222222222,0.6
2019-07-04T00:00:00Z,642,Pavia Via Folperti,NA,0.2,NA,NA,NA,13.170833333333334,18.070833333333333,110.72916666666667,19,9,1.9791666666666667,642,642,2019-07-04T00:00:00Z,642,Pavia Via Folperti,25.334027777777777,61.547916666666666,331.3888888888889,0.2
2019-07-05T00:00:00Z,642,Pavia Via Folperti,NA,0.3,NA,NA,NA,21.529166666666665,28.608333333333334,112.88333333333334,31,NA,3.0708333333333333,642,642,2019-07-05T00:00:00Z,642,Pavia Via Folperti,28.0125,55.145833333333336,331.9125,0
2019-07-06T00:00:00Z,642,Pavia Via Folperti,NA,0.2,NA,NA,NA,12.45,18.016666666666666,105.075,31,19,2.55,642,642,2019-07-06T00:00:00Z,642,Pavia Via Folperti,28.185416666666665,55.62361111111111,318.5097222222222,0
2019-07-07T00:00:00Z,642,Pavia Via Folperti,NA,NA,NA,NA,NA,9.916666666666666,15.304166666666667,88.70416666666667,28,16,2.191666666666667,642,642,2019-07-07T00:00:00Z,642,Pavia Via Folperti,27.56597222222222,62.87638888888889,264.56875,0
2019-07-08T00:00:00Z,642,Pavia Via Folperti,NA,NA,NA,NA,NA,17.141666666666666,23.016666666666666,98.525,28,23,2.8041666666666667,642,642,2019-07-08T00:00:00Z,642,Pavia Via Folperti,27.535416666666666,57.07013888888889,299.7659722222222,0
2019-07-09T00:00:00Z,642,Pavia Via Folperti,NA,NA,NA,NA,NA,13.095833333333333,17.979166666666668,91.95416666666667,26,14,2.1333333333333333,642,642,2019-07-09T00:00:00Z,642,Pavia Via Folperti,24.975,64.60208333333334,228.8701388888889,0
2019-07-10T00:00:00Z,642,Pavia Via Folperti,NA,NA,NA,NA,NA,13.820833333333333,18.954166666666666,80.8875,19,11,2.1875,642,642,2019-07-10T00:00:00Z,642,Pavia Via Folperti,24.76736111111111,60.59027777777778,309.62638888888887,0
2019-07-11T00:00:00Z,642,Pavia Via Folperti,10.6,0.4,NA,NA,NA,18.470833333333335,23.758333333333333,76.4375,16,16,2.0375,642,642,2019-07-11T00:00:00Z,642,Pavia Via Folperti,23.114583333333332,60.730555555555554,154.75555555555556,0
2019-07-12T00:00:00Z,642,Pavia Via Folperti,10.7,0.4,NA,NA,NA,18.420833333333334,24.0375,94.21666666666667,21,17,3.0708333333333333,642,642,2019-07-12T00:00:00Z,642,Pavia Via Folperti,25.3375,56.765972222222224,305.1486111111111,0
2019-07-13T00:00:00Z,642,Pavia Via Folperti,8.5,0.4,NA,NA,NA,12.720833333333333,17.025,99.7625,14,7,2.2333333333333334,642,642,2019-07-13T00:00:00Z,642,Pavia Via Folperti,25.074305555555554,55.03125,325.47430555555553,0
2019-07-14T00:00:00Z,642,Pavia Via Folperti,8.1,0.3,NA,NA,NA,11.4875,15.533333333333333,93.025,8,6,1.7125,642,642,2019-07-14T00:00:00Z,642,Pavia Via Folperti,23.650694444444444,50.54236111111111,310.125,0
2019-07-15T00:00:00Z,642,Pavia Via Folperti,3.8,0.3,NA,NA,NA,15.125,21.129166666666666,62.6625,9,13,1.8291666666666666,642,642,2019-07-15T00:00:00Z,642,Pavia Via Folperti,19.129166666666666,85.42916666666666,124.75208333333333,28.6
2019-07-16T00:00:00Z,642,Pavia Via Folperti,7.2,0.3,NA,NA,NA,18.325,26.083333333333332,65.8125,16,13,2.2291666666666665,642,642,2019-07-16T00:00:00Z,642,Pavia Via Folperti,22.675,62.32013888888889,335.50138888888887,0
2019-07-17T00:00:00Z,642,Pavia Via Folperti,7.1,0.3,NA,NA,NA,22.875,29.97083333333333,80.87083333333334,13,12,2.966666666666667,642,642,2019-07-17T00:00:00Z,642,Pavia Via Folperti,24.323611111111113,54.14861111111111,319.4326388888889,0
2019-07-18T00:00:00Z,642,Pavia Via Folperti,9.6,0.3,NA,NA,NA,22.341666666666665,28.2625,84.78750000000001,22,20,3.1916666666666664,642,642,2019-07-18T00:00:00Z,642,Pavia Via Folperti,23.429861111111112,59.21597222222222,280.6173611111111,0
2019-07-19T00:00:00Z,642,Pavia Via Folperti,15.2,0.3,NA,NA,NA,24.629166666666666,31.641666666666666,89.3125,29,27,2.775,642,642,2019-07-19T00:00:00Z,642,Pavia Via Folperti,24.721527777777776,68.2923611111111,299.00069444444443,0
2019-07-20T00:00:00Z,642,Pavia Via Folperti,7.1,0.2,NA,NA,NA,19.308333333333334,24.28333333333333,103.32083333333333,14,13,4.383333333333333,642,642,2019-07-20T00:00:00Z,642,Pavia Via Folperti,26.721527777777776,52.0375,304.2763888888889,0
2019-07-21T00:00:00Z,642,Pavia Via Folperti,4.1,0.2,NA,NA,NA,13.8375,17.983333333333334,105.80833333333334,17,17,4.241666666666666,642,642,2019-07-21T00:00:00Z,642,Pavia Via Folperti,26.814583333333335,51.54097222222222,312.6354166666667,0
2019-07-22T00:00:00Z,642,Pavia Via Folperti,4.2,0.2,NA,NA,NA,17.445833333333333,23.179166666666667,114.125,23,24,3.7666666666666666,642,642,2019-07-22T00:00:00Z,642,Pavia Via Folperti,27.044444444444444,58.78125,280.2576388888889,0
2019-07-23T00:00:00Z,642,Pavia Via Folperti,13.9,0.2,NA,NA,NA,17.916666666666668,23.491666666666667,119.74583333333334,42,39,3.375,642,642,2019-07-23T00:00:00Z,642,Pavia Via Folperti,28.20347222222222,66.04375,294.75069444444443,0
2019-07-24T00:00:00Z,642,Pavia Via Folperti,9.6,0.4,NA,NA,NA,20.570833333333333,26.6125,117.14166666666667,36,NA,7.441666666666666,642,642,2019-07-24T00:00:00Z,642,Pavia Via Folperti,28.980555555555554,62.386805555555554,278.78472222222223,0
2019-07-25T00:00:00Z,642,Pavia Via Folperti,10,0.3,NA,NA,NA,22.791666666666668,28.55,120.10833333333333,38,33,4.054166666666666,642,642,2019-07-25T00:00:00Z,642,Pavia Via Folperti,29.124305555555555,60.93680555555556,254.57847222222222,0
2019-07-26T00:00:00Z,642,Pavia Via Folperti,11.1,0.2,NA,NA,NA,20.1875,26.541666666666668,99.0125,25,NA,4.2875,642,642,2019-07-26T00:00:00Z,642,Pavia Via Folperti,29.240277777777777,52.49305555555556,312.3305555555556,0
2019-07-27T00:00:00Z,642,Pavia Via Folperti,5.8,0.1,NA,NA,NA,16.191666666666666,21.629166666666666,80.34583333333333,22,17,4.408333333333333,642,642,2019-07-27T00:00:00Z,642,Pavia Via Folperti,23.686805555555555,70.15902777777778,148.61458333333334,2
2019-07-28T00:00:00Z,642,Pavia Via Folperti,5.2,0.1,NA,NA,NA,12.666666666666666,17.3625,81.86666666666666,NA,10,4.7125,642,642,2019-07-28T00:00:00Z,642,Pavia Via Folperti,23.33125,73.08680555555556,246.19791666666666,1.2000000000000002
2019-07-29T00:00:00Z,642,Pavia Via Folperti,3.7,0.1,NA,NA,NA,13.4,19.079166666666666,86.16666666666667,8,6,7.7625,642,642,2019-07-29T00:00:00Z,642,Pavia Via Folperti,26.523611111111112,52.65347222222222,318.14930555555554,0
2019-07-30T00:00:00Z,642,Pavia Via Folperti,2.7,0.2,NA,NA,NA,16.0625,21.566666666666666,90.9625,16,13,6.079166666666667,642,642,2019-07-30T00:00:00Z,642,Pavia Via Folperti,26.66875,53.576388888888886,317.41527777777776,0
2019-07-31T00:00:00Z,642,Pavia Via Folperti,2.4,0.1,NA,NA,NA,14.633333333333333,20.345833333333335,85.9,17,NA,4.304166666666666,642,642,2019-07-31T00:00:00Z,642,Pavia Via Folperti,25.66736111111111,65.8951388888889,216.02569444444444,0
2019-08-01T00:00:00Z,642,Pavia Via Folperti,3.5,0.2,NA,NA,NA,16.783333333333335,21.983333333333334,99.77916666666667,24,15,4.133333333333334,642,642,2019-08-01T00:00:00Z,642,Pavia Via Folperti,26.644444444444446,57.201388888888886,273.8013888888889,0
2019-08-02T00:00:00Z,642,Pavia Via Folperti,4.3,0.2,NA,NA,NA,20.633333333333333,28.1875,81.31666666666666,20,15,3.8000000000000003,642,642,2019-08-02T00:00:00Z,642,Pavia Via Folperti,24.544444444444444,52.72430555555555,253.4597222222222,0
2019-08-03T00:00:00Z,642,Pavia Via Folperti,6.7,0.2,NA,NA,NA,21.9125,28.825,71.84166666666667,17,NA,2.4125,642,642,2019-08-03T00:00:00Z,642,Pavia Via Folperti,23.801388888888887,60.927083333333336,312.97083333333336,0
2019-08-04T00:00:00Z,642,Pavia Via Folperti,9,NA,NA,NA,NA,16.895833333333332,21.616666666666667,89.8875,19,17,2.7583333333333333,642,642,2019-08-04T00:00:00Z,642,Pavia Via Folperti,24.464583333333334,61.06041666666667,298.0388888888889,0
2019-08-05T00:00:00Z,642,Pavia Via Folperti,NA,NA,NA,NA,NA,21.733333333333334,27.833333333333332,48.24444444444445,NA,NA,2.5444444444444443,642,642,2019-08-05T00:00:00Z,642,Pavia Via Folperti,21.244,80.514,60.128,0
2019-08-06T00:00:00Z,642,Pavia Via Folperti,NA,NA,NA,NA,NA,11.15,16.40714285714286,119.61428571428571,NA,NA,2.914285714285714,642,642,2019-08-06T00:00:00Z,642,Pavia Via Folperti,28.431868131868132,50.78021978021978,322.05824175824176,0
2019-08-07T00:00:00Z,642,Pavia Via Folperti,4.6,0.1,NA,NA,NA,12.3125,15.891666666666667,99.5375,13,6,2.095833333333333,642,642,2019-08-07T00:00:00Z,642,Pavia Via Folperti,24.665972222222223,67.78055555555555,214.51805555555555,0
2019-08-08T00:00:00Z,642,Pavia Via Folperti,3.2,0.1,NA,NA,NA,11.795833333333334,15.995833333333334,84.375,22,14,1.9125,642,642,2019-08-08T00:00:00Z,642,Pavia Via Folperti,24.779166666666665,75.11527777777778,194.5326388888889,0
2019-08-09T00:00:00Z,642,Pavia Via Folperti,9.4,0.2,NA,NA,NA,15.65,21.3125,74.09166666666667,38,26,1.7458333333333333,642,642,2019-08-09T00:00:00Z,642,Pavia Via Folperti,26.666666666666668,72.55,241.13055555555556,0
2019-08-10T00:00:00Z,642,Pavia Via Folperti,4.7,0.1,NA,NA,NA,11.7625,15.354166666666666,89.96666666666667,23,19,2.470833333333333,642,642,2019-08-10T00:00:00Z,642,Pavia Via Folperti,28.73472222222222,52.166666666666664,286.21458333333334,0
2019-08-11T00:00:00Z,642,Pavia Via Folperti,2.4,0.1,NA,NA,NA,10.5375,13.75,90.3875,19,NA,2.8375,642,642,2019-08-11T00:00:00Z,642,Pavia Via Folperti,27.56597222222222,59.68402777777778,265.9458333333333,0
2019-08-12T00:00:00Z,642,Pavia Via Folperti,8.1,0.1,NA,NA,NA,14.7375,20.516666666666666,57.6375,28,27,2.066666666666667,642,642,2019-08-12T00:00:00Z,642,Pavia Via Folperti,24.395138888888887,79.35902777777778,149.13611111111112,0.4
2019-08-13T00:00:00Z,642,Pavia Via Folperti,5.3,NA,NA,NA,NA,13.608333333333333,18.666666666666668,60.4875,9,5,2.2083333333333335,642,642,2019-08-13T00:00:00Z,642,Pavia Via Folperti,24.17013888888889,63.830555555555556,246.54375,0
2019-08-14T00:00:00Z,642,Pavia Via Folperti,5.3,NA,NA,NA,NA,13.233333333333334,17.741666666666667,66.87916666666666,7,2,2.4833333333333334,642,642,2019-08-14T00:00:00Z,642,Pavia Via Folperti,23.49513888888889,53.28194444444444,272.91875,0
2019-08-15T00:00:00Z,642,Pavia Via Folperti,7.3,NA,NA,NA,NA,12.65,16.575,73.1875,15,12,2.5541666666666667,642,642,2019-08-15T00:00:00Z,642,Pavia Via Folperti,22.92361111111111,59.822916666666664,270.09930555555553,0
2019-08-16T00:00:00Z,642,Pavia Via Folperti,6,NA,NA,NA,NA,11.25,14.8375,83.50833333333333,6,4,2.3291666666666666,642,642,2019-08-16T00:00:00Z,642,Pavia Via Folperti,23.00347222222222,58.888888888888886,271.5131944444444,0
2019-08-17T00:00:00Z,642,Pavia Via Folperti,13.1,NA,NA,NA,NA,15.245833333333334,19.7125,76.0125,16,NA,2.475,642,642,2019-08-17T00:00:00Z,642,Pavia Via Folperti,23.636111111111113,61.34027777777778,242.4465277777778,0
2019-08-18T00:00:00Z,642,Pavia Via Folperti,3.8,NA,NA,NA,NA,10.6625,14.166666666666666,83.91666666666667,NA,19,3.0625,642,642,2019-08-18T00:00:00Z,642,Pavia Via Folperti,25.115277777777777,61.49583333333334,182.96875,0
2019-08-19T00:00:00Z,642,Pavia Via Folperti,2.8,NA,NA,NA,NA,11.791666666666666,15.908333333333333,82.54583333333333,NA,12,3.095833333333333,642,642,2019-08-19T00:00:00Z,642,Pavia Via Folperti,25.477083333333333,63.33888888888889,236.2097222222222,0
2019-08-20T00:00:00Z,642,Pavia Via Folperti,5.1,0,NA,NA,NA,15.620833333333334,22.6375,76.79583333333333,24,20,3.2333333333333334,642,642,2019-08-20T00:00:00Z,642,Pavia Via Folperti,25.992361111111112,66.0625,209.36180555555555,0
2019-08-21T00:00:00Z,642,Pavia Via Folperti,6.1,0,NA,NA,NA,12.2375,18.104166666666668,81.49166666666666,17,15,2.8333333333333335,642,642,2019-08-21T00:00:00Z,642,Pavia Via Folperti,25.12152777777778,68.74722222222222,238.31458333333333,0
2019-08-22T00:00:00Z,642,Pavia Via Folperti,7.6,0.1,NA,NA,NA,11.466666666666667,15.683333333333334,91.3375,21,NA,2.375,642,642,2019-08-22T00:00:00Z,642,Pavia Via Folperti,25.149305555555557,60.138888888888886,228.27083333333334,0
2019-08-23T00:00:00Z,642,Pavia Via Folperti,9.5,0.2,NA,NA,NA,18.6125,26.320833333333333,52.77916666666667,22,NA,2.404166666666667,642,642,2019-08-23T00:00:00Z,642,Pavia Via Folperti,22.77986111111111,81.79166666666667,126.67361111111111,1.7999999999999998
2019-08-24T00:00:00Z,642,Pavia Via Folperti,7.8,0.2,NA,NA,NA,18.358333333333334,26.5875,64.525,28,NA,2.3625,642,642,2019-08-24T00:00:00Z,642,Pavia Via Folperti,24.96875,70.52569444444444,236.51805555555555,0
2019-08-25T00:00:00Z,642,Pavia Via Folperti,9.5,0.1,NA,NA,NA,11.558333333333334,16.0625,85.24166666666666,24,NA,2.308333333333333,642,642,2019-08-25T00:00:00Z,642,Pavia Via Folperti,25.176388888888887,65.28263888888888,257.19652777777776,0
2019-08-26T00:00:00Z,642,Pavia Via Folperti,11.7,0.1,NA,NA,NA,16.229166666666668,22.304166666666667,80.1375,23,NA,2.8916666666666666,642,642,2019-08-26T00:00:00Z,642,Pavia Via Folperti,25.611805555555556,64.66041666666666,250.5340277777778,0
2019-08-27T00:00:00Z,642,Pavia Via Folperti,14.3,0.2,NA,NA,NA,18.1,24.05,81.39583333333333,32,29,2.925,642,642,2019-08-27T00:00:00Z,642,Pavia Via Folperti,25.561805555555555,65.45902777777778,236.83194444444445,0
2019-08-28T00:00:00Z,642,Pavia Via Folperti,15.4,0.4,NA,NA,NA,23.6875,31.575,53.71666666666667,31,NA,2.4875,642,642,2019-08-28T00:00:00Z,642,Pavia Via Folperti,21.631944444444443,93.89305555555555,53.05972222222222,17.4
2019-08-29T00:00:00Z,642,Pavia Via Folperti,6,0.4,NA,NA,NA,21.875,28.991666666666667,62.90833333333333,13,NA,2.3833333333333333,642,642,2019-08-29T00:00:00Z,642,Pavia Via Folperti,23.745833333333334,76.44027777777778,250.525,0.2
2019-08-30T00:00:00Z,642,Pavia Via Folperti,6.9,0.4,NA,NA,NA,23.3625,31.466666666666665,80.675,29,31,7.883333333333334,642,642,2019-08-30T00:00:00Z,642,Pavia Via Folperti,25.334722222222222,69.92847222222223,242.15902777777777,0
2019-08-31T00:00:00Z,642,Pavia Via Folperti,10.8,0.3,NA,NA,NA,17.34166666666667,22.795833333333334,83.49166666666667,26,16,2.7125,642,642,2019-08-31T00:00:00Z,642,Pavia Via Folperti,25.34027777777778,66.47430555555556,222.58541666666667,0
2019-09-01T00:00:00Z,642,Pavia Via Folperti,9.4,0.3,NA,NA,NA,16.95,22.891666666666666,76.24583333333334,26,25,2.7041666666666666,642,642,2019-09-01T00:00:00Z,642,Pavia Via Folperti,24.90138888888889,68.5,236.97430555555556,2.6
2019-09-02T00:00:00Z,642,Pavia Via Folperti,5.1,0.2,NA,NA,NA,15.554166666666667,20.754166666666666,80.54166666666667,NA,15,2.2541666666666664,642,642,2019-09-02T00:00:00Z,642,Pavia Via Folperti,23.327083333333334,74.75347222222223,196.86458333333334,0
2019-09-03T00:00:00Z,642,Pavia Via Folperti,10.3,0.2,NA,NA,NA,19.320833333333333,24.983333333333334,61.375,NA,11,2.1958333333333333,642,642,2019-09-03T00:00:00Z,642,Pavia Via Folperti,22.62986111111111,69.4888888888889,238.81666666666666,0
2019-09-04T00:00:00Z,642,Pavia Via Folperti,13.6,0.2,NA,NA,NA,18.920833333333334,24.516666666666666,66.60833333333333,15,NA,2.654166666666667,642,642,2019-09-04T00:00:00Z,642,Pavia Via Folperti,21.59375,66.14097222222222,242.90208333333334,0
2019-09-05T00:00:00Z,642,Pavia Via Folperti,17.7,0.3,NA,NA,NA,23.825,30.104166666666668,64.47916666666667,27,NA,3.1166666666666667,642,642,2019-09-05T00:00:00Z,642,Pavia Via Folperti,20.760416666666668,70.01875,188.02013888888888,4.8
2019-09-06T00:00:00Z,642,Pavia Via Folperti,3.4,0.2,NA,NA,NA,19.029166666666665,28.1125,43.6125,NA,NA,2.1833333333333336,642,642,2019-09-06T00:00:00Z,642,Pavia Via Folperti,16.422916666666666,86.62847222222223,80.58055555555555,3.4
2019-09-07T00:00:00Z,642,Pavia Via Folperti,2.9,0.2,NA,NA,NA,18.054166666666667,28.008333333333333,44.608333333333334,10,NA,3.525,642,642,2019-09-07T00:00:00Z,642,Pavia Via Folperti,18.079166666666666,82.58472222222223,197.525,0.2
2019-09-08T00:00:00Z,642,Pavia Via Folperti,3.1,0.2,NA,NA,NA,13.116666666666667,17.558333333333334,60.59583333333333,7,9,2.0208333333333335,642,642,2019-09-08T00:00:00Z,642,Pavia Via Folperti,16.978472222222223,76.50138888888888,187.93333333333334,3.4
2019-09-09T00:00:00Z,642,Pavia Via Folperti,2.6,0.2,NA,NA,NA,18.858333333333334,26.725,49.579166666666666,NA,NA,6.641666666666667,642,642,2019-09-09T00:00:00Z,642,Pavia Via Folperti,17.30625,65.60555555555555,235.84444444444443,0
2019-09-10T00:00:00Z,642,Pavia Via Folperti,6.2,0.3,NA,NA,NA,25.4125,33.34583333333333,40.34583333333333,15,NA,2.4958333333333336,642,642,2019-09-10T00:00:00Z,642,Pavia Via Folperti,17.388194444444444,76.44652777777777,114.01458333333333,0
2019-09-11T00:00:00Z,642,Pavia Via Folperti,4.9,0.3,NA,NA,NA,18.841666666666665,26.65833333333333,63.78333333333333,NA,16,2.995833333333333,642,642,2019-09-11T00:00:00Z,642,Pavia Via Folperti,19.631944444444443,65.93541666666667,225.51319444444445,0
2019-09-12T00:00:00Z,642,Pavia Via Folperti,5.7,0.3,NA,NA,NA,26.504166666666666,36.61666666666667,68.68333333333334,21,NA,4.695833333333334,642,642,2019-09-12T00:00:00Z,642,Pavia Via Folperti,20.67152777777778,73.97916666666667,222.35486111111112,0
2019-09-13T00:00:00Z,642,Pavia Via Folperti,9.9,0.3,NA,NA,NA,25.608333333333334,33.625,66.49166666666666,36,30,2.4541666666666666,642,642,2019-09-13T00:00:00Z,642,Pavia Via Folperti,20.94236111111111,74.55625,221.82847222222222,0
2019-09-14T00:00:00Z,642,Pavia Via Folperti,8.3,NA,NA,NA,NA,22.1875,28.616666666666667,68.72916666666667,35,34,2.975,642,642,2019-09-14T00:00:00Z,642,Pavia Via Folperti,21.165277777777778,74.96458333333334,212.91319444444446,0
2019-09-15T00:00:00Z,642,Pavia Via Folperti,10.7,NA,NA,NA,NA,17.3125,22.691666666666666,68.53333333333333,32,NA,2.5458333333333334,642,642,2019-09-15T00:00:00Z,642,Pavia Via Folperti,21.406944444444445,75.52222222222223,203.1965277777778,0
2019-09-16T00:00:00Z,642,Pavia Via Folperti,7,NA,NA,NA,NA,24.225,31.975,77.84583333333333,36,28,5.358333333333333,642,642,2019-09-16T00:00:00Z,642,Pavia Via Folperti,22.756944444444443,71.64861111111111,199.32222222222222,0
2019-09-17T00:00:00Z,642,Pavia Via Folperti,5.3,NA,NA,NA,NA,20.958333333333332,27.620833333333334,83.9375,21,13,3.7625,642,642,2019-09-17T00:00:00Z,642,Pavia Via Folperti,23.477777777777778,60.80833333333333,209.4125,0
2019-09-18T00:00:00Z,642,Pavia Via Folperti,4.7,NA,NA,NA,NA,15.475,22.025,73.51666666666667,21,NA,3.2125,642,642,2019-09-18T00:00:00Z,642,Pavia Via Folperti,21.6,78.01678321678321,157.02657342657344,0
2019-09-19T00:00:00Z,642,Pavia Via Folperti,5.5,NA,NA,NA,NA,16.358333333333334,22.270833333333332,52.791666666666664,18,4,2.2291666666666665,642,642,2019-09-19T00:00:00Z,642,Pavia Via Folperti,18.31388888888889,68.28333333333333,172.17708333333334,0
2019-09-20T00:00:00Z,642,Pavia Via Folperti,8.5,NA,NA,NA,NA,20.8125,26.379166666666666,53.40416666666667,22,12,2.345833333333333,642,642,2019-09-20T00:00:00Z,642,Pavia Via Folperti,17.04513888888889,61.515277777777776,177.10069444444446,0
2019-09-21T00:00:00Z,642,Pavia Via Folperti,10,NA,NA,NA,NA,21.445833333333333,27.7625,54.6125,25,17,2.466666666666667,642,642,2019-09-21T00:00:00Z,642,Pavia Via Folperti,15.917361111111111,64.53611111111111,194.60555555555555,0
2019-09-22T00:00:00Z,642,Pavia Via Folperti,9.7,NA,NA,NA,NA,17.004166666666666,21.975,61.42916666666667,28,17,2.2125,642,642,2019-09-22T00:00:00Z,642,Pavia Via Folperti,16.030555555555555,78.26736111111111,73.76388888888889,2.2
2019-09-23T00:00:00Z,642,Pavia Via Folperti,NA,NA,NA,NA,NA,18.994444444444444,27.97222222222222,58.32222222222222,NA,NA,2.6555555555555554,642,642,2019-09-23T00:00:00Z,642,Pavia Via Folperti,16.68190476190476,84.50761904761904,151.65428571428572,0.4
2019-09-24T00:00:00Z,642,Pavia Via Folperti,NA,NA,NA,NA,NA,31.392857142857142,44.92857142857143,47.47142857142857,NA,NA,3.0214285714285714,642,642,2019-09-24T00:00:00Z,642,Pavia Via Folperti,18.8,76.31538461538462,232.76703296703297,0.2
2019-09-25T00:00:00Z,642,Pavia Via Folperti,6.2,0.6,NA,NA,NA,27.554166666666667,45.108333333333334,36.4625,30,22,3.225,642,642,2019-09-25T00:00:00Z,642,Pavia Via Folperti,17.827083333333334,82.12777777777778,143.82847222222222,0
2019-09-26T00:00:00Z,642,Pavia Via Folperti,8,0.7,NA,NA,NA,24.543478260869566,34.43913043478261,39.513636363636365,47,36,1.9043478260869566,642,642,2019-09-26T00:00:00Z,642,Pavia Via Folperti,17.935664335664335,88.86643356643357,126.86643356643357,0
2019-09-27T00:00:00Z,642,Pavia Via Folperti,22.3,0.7,NA,NA,NA,26.195833333333333,36.15833333333333,42.770833333333336,54,46,2.3541666666666665,642,642,2019-09-27T00:00:00Z,642,Pavia Via Folperti,20.23402777777778,81.94027777777778,116.28263888888888,0
2019-09-28T00:00:00Z,642,Pavia Via Folperti,6.8,0.4,NA,NA,NA,16.983333333333334,23.670833333333334,56.44583333333333,15,10,2.4,642,642,2019-09-28T00:00:00Z,642,Pavia Via Folperti,21.072916666666668,74.22361111111111,158.11458333333334,0
2019-09-29T00:00:00Z,642,Pavia Via Folperti,3.8,0.3,NA,NA,NA,13.208333333333334,18.5125,61.00833333333333,12,7,2.7416666666666667,642,642,2019-09-29T00:00:00Z,642,Pavia Via Folperti,19.900694444444444,69.99305555555556,168.93819444444443,0
2019-09-30T00:00:00Z,642,Pavia Via Folperti,3,0.6,NA,NA,NA,22.695833333333333,31.754166666666666,52.69166666666666,25,14,3.8249999999999997,642,642,2019-09-30T00:00:00Z,642,Pavia Via Folperti,20.64027777777778,71.85347222222222,188.31597222222223,0
2019-10-01T00:00:00Z,642,Pavia Via Folperti,2.8,0.5,NA,NA,NA,26.620833333333334,40.03333333333333,38.87916666666667,22,13,2.870833333333333,642,642,2019-10-01T00:00:00Z,642,Pavia Via Folperti,19.790277777777778,80.32847222222222,118.89027777777778,0
2019-10-02T00:00:00Z,642,Pavia Via Folperti,4.4,NA,NA,NA,NA,24.970833333333335,33.8625,46.583333333333336,15,9,2.591666666666667,642,642,2019-10-02T00:00:00Z,642,Pavia Via Folperti,20.18263888888889,75.50347222222223,141.75694444444443,0.8
2019-10-03T00:00:00Z,642,Pavia Via Folperti,4.6,NA,NA,NA,NA,21.633333333333333,29.15416666666667,53.45,8,6,2.470833333333333,642,642,2019-10-03T00:00:00Z,642,Pavia Via Folperti,16.924305555555556,44.04236111111111,189.73541666666665,0.2
2019-10-04T00:00:00Z,642,Pavia Via Folperti,9.1,0.4,NA,NA,NA,31.75,47.925,20.8625,26,17,2.620833333333333,642,642,2019-10-04T00:00:00Z,642,Pavia Via Folperti,12.539583333333333,71.00763888888889,88.53333333333333,0
2019-10-05T00:00:00Z,642,Pavia Via Folperti,6.7,0.5,NA,NA,NA,30.261904761904763,49.53333333333333,34.85714285714286,NA,NA,4.023809523809524,642,642,2019-10-05T00:00:00Z,642,Pavia Via Folperti,15.339669421487603,70.10743801652893,193.26363636363635,0
2019-10-06T00:00:00Z,642,Pavia Via Folperti,NA,NA,NA,NA,NA,NA,NA,NA,NA,NA,NA,642,642,2019-10-06T00:00:00Z,642,Pavia Via Folperti,NA,NA,NA,NA
2019-10-07T00:00:00Z,642,Pavia Via Folperti,NA,NA,NA,NA,NA,20.064285714285713,30.114285714285714,50.15714285714286,NA,NA,NA,642,642,2019-10-07T00:00:00Z,642,Pavia Via Folperti,15.848314606741573,75.5629213483146,256.0741573033708,0.2
2019-10-08T00:00:00Z,642,Pavia Via Folperti,6.1,NA,NA,NA,NA,24.983333333333334,40.0125,24.804166666666667,26,16,0.6125,642,642,2019-10-08T00:00:00Z,642,Pavia Via Folperti,13.429166666666667,86.95,144.25833333333333,0
2019-10-09T00:00:00Z,642,Pavia Via Folperti,18.4,NA,NA,NA,NA,30.745833333333334,44.87916666666667,14.945833333333333,37,32,0.5458333333333334,642,642,2019-10-09T00:00:00Z,642,Pavia Via Folperti,14.032638888888888,96.73055555555555,17.458333333333332,0.2
2019-10-10T00:00:00Z,642,Pavia Via Folperti,4.6,NA,NA,NA,NA,23.354166666666668,40.56666666666667,23.745833333333334,35,26,1.3333333333333333,642,642,2019-10-10T00:00:00Z,642,Pavia Via Folperti,13.766666666666667,94.58194444444445,93.53333333333333,0
2019-10-11T00:00:00Z,642,Pavia Via Folperti,6,NA,NA,NA,NA,31.3125,67.3125,15.933333333333334,37,27,0.8791666666666667,642,642,2019-10-11T00:00:00Z,642,Pavia Via Folperti,12.863194444444444,93.07916666666667,107.27569444444444,0.2
2019-10-12T00:00:00Z,642,Pavia Via Folperti,6.3,NA,NA,NA,NA,24.958333333333332,41.7625,25.645833333333332,NA,NA,0.9375,642,642,2019-10-12T00:00:00Z,642,Pavia Via Folperti,13.506944444444445,91.5125,121.58680555555556,0.2
2019-10-13T00:00:00Z,642,Pavia Via Folperti,NA,NA,NA,NA,NA,31.9,47.6,3.8,NA,NA,0.4,642,642,2019-10-13T00:00:00Z,642,Pavia Via Folperti,11.56,100,0,0
2019-10-14T00:00:00Z,642,Pavia Via Folperti,NA,NA,NA,NA,NA,29.53076923076923,44.03846153846154,26.146153846153844,44,37,NA,642,642,2019-10-14T00:00:00Z,642,Pavia Via Folperti,18.074157303370786,82.96067415730337,104.32359550561797,0
2019-10-15T00:00:00Z,642,Pavia Via Folperti,7.8,0.6,NA,NA,NA,21.9875,31.825,28.2,33,21,0.6545454545454545,642,642,2019-10-15T00:00:00Z,642,Pavia Via Folperti,16.54861111111111,100,27.505555555555556,21.6
2019-10-16T00:00:00Z,642,Pavia Via Folperti,2,0.7,NA,NA,NA,27.45,47.920833333333334,40.55416666666667,8,4,1.7833333333333332,642,642,2019-10-16T00:00:00Z,642,Pavia Via Folperti,14.510416666666666,85.25763888888889,155.13958333333335,0.2
2019-10-17T00:00:00Z,642,Pavia Via Folperti,2.5,0.8,NA,NA,NA,31.9875,77.78333333333333,23.166666666666668,22,12,2.316666666666667,642,642,2019-10-17T00:00:00Z,642,Pavia Via Folperti,14.997916666666667,84.5125,103.46319444444444,0
2019-10-18T00:00:00Z,642,Pavia Via Folperti,1,0.4,NA,NA,NA,24.974999999999998,37.3875,36.854166666666664,17,6,0.5541666666666667,642,642,2019-10-18T00:00:00Z,642,Pavia Via Folperti,14.86111111111111,98.96805555555555,19.520833333333332,6.2
2019-10-19T00:00:00Z,642,Pavia Via Folperti,7.5,0.5,NA,NA,NA,19.475,28.075,24.125,31,34,0.625,642,642,2019-10-19T00:00:00Z,642,Pavia Via Folperti,15.679166666666667,99.79583333333333,37.7875,4.6000000000000005
2019-10-20T00:00:00Z,642,Pavia Via Folperti,6.7,0.5,NA,NA,NA,15.729166666666666,23.308333333333334,38.9,22,19,0.7375,642,642,2019-10-20T00:00:00Z,642,Pavia Via Folperti,16.911805555555556,92.79097222222222,57.46597222222222,25.4
2019-10-21T00:00:00Z,642,Pavia Via Folperti,2.3,0.3,NA,NA,NA,21.55,29.795833333333334,42.75,9,10,0.4666666666666667,642,642,2019-10-21T00:00:00Z,642,Pavia Via Folperti,16.830555555555556,100,14.394444444444444,67.6
2019-10-22T00:00:00Z,642,Pavia Via Folperti,2.9,0.7,NA,NA,NA,22.537499999999998,47.045833333333334,30.816666666666666,28,22,0.9125,642,642,2019-10-22T00:00:00Z,642,Pavia Via Folperti,18.029166666666665,99.13888888888889,41.763888888888886,1.4000000000000001
2019-10-23T00:00:00Z,642,Pavia Via Folperti,2.7,0.7,NA,NA,NA,23.4375,53.99583333333334,15.904166666666667,47,30,1.1583333333333334,642,642,2019-10-23T00:00:00Z,642,Pavia Via Folperti,17.259722222222223,96.80486111111111,90.48333333333333,0.2
2019-10-24T00:00:00Z,642,Pavia Via Folperti,6,0.5,NA,NA,NA,23.691666666666666,32.3875,30.391666666666666,36,29,0.6333333333333333,642,642,2019-10-24T00:00:00Z,642,Pavia Via Folperti,16.065277777777776,100,8.745138888888889,26.6
2019-10-25T00:00:00Z,642,Pavia Via Folperti,1.9,0.6,NA,NA,NA,26.554166666666667,44.87083333333334,16.5375,20,21,0.975,642,642,2019-10-25T00:00:00Z,642,Pavia Via Folperti,16.02777777777778,92.7,91.63402777777777,0.6000000000000001
2019-10-26T00:00:00Z,642,Pavia Via Folperti,2.2,0.9,NA,NA,NA,29.641666666666666,67.40416666666667,14.3875,21,NA,1.8083333333333333,642,642,2019-10-26T00:00:00Z,642,Pavia Via Folperti,15.504861111111111,90.38055555555556,125.16041666666666,0
2019-10-27T00:00:00Z,642,Pavia Via Folperti,2.9,0.8,NA,NA,NA,25.733333333333334,44.325,23.054166666666667,26,22,1.4458333333333333,642,642,2019-10-27T00:00:00Z,642,Pavia Via Folperti,15.171527777777778,88.975,123.44583333333334,0
2019-10-28T00:00:00Z,642,Pavia Via Folperti,3.2,0.9,NA,NA,NA,32.05,59.75833333333333,14.283333333333333,37,28,1.5833333333333333,642,642,2019-10-28T00:00:00Z,642,Pavia Via Folperti,14.894444444444444,93.76388888888889,75.71041666666666,0.2
2019-10-29T00:00:00Z,642,Pavia Via Folperti,10.2,0.5,NA,NA,NA,31.333333333333332,46.24583333333333,12.65,55,44,0.8333333333333334,642,642,2019-10-29T00:00:00Z,642,Pavia Via Folperti,15.141666666666667,100,15.565277777777778,7.4
2019-10-30T00:00:00Z,642,Pavia Via Folperti,8.7,0.4,NA,NA,NA,21.391666666666666,34.22083333333333,15.8625,32,24,0.7708333333333334,642,642,2019-10-30T00:00:00Z,642,Pavia Via Folperti,13.73125,96.25694444444444,32.66041666666667,0
2019-10-31T00:00:00Z,642,Pavia Via Folperti,5.2,0.3,NA,NA,NA,19.004166666666666,26.7375,24.516666666666666,20,16,0.8375,642,642,2019-10-31T00:00:00Z,642,Pavia Via Folperti,11.771527777777777,83.46736111111112,32.138194444444444,0.2
2019-11-01T00:00:00Z,642,Pavia Via Folperti,10.6,0.3,NA,NA,NA,21.279166666666665,28.516666666666666,22.083333333333332,25,19,1.2625,642,642,2019-11-01T00:00:00Z,642,Pavia Via Folperti,11.895833333333334,78.49375,56.57361111111111,0
2019-11-02T00:00:00Z,642,Pavia Via Folperti,6.4,0.4,NA,NA,NA,18.375,27.341666666666665,26.041666666666668,23,23,1.0583333333333333,642,642,2019-11-02T00:00:00Z,642,Pavia Via Folperti,10.450694444444444,97.05486111111111,19.020138888888887,2
2019-11-03T00:00:00Z,642,Pavia Via Folperti,2.3,0.5,NA,NA,NA,19.4375,33.104166666666664,14.216666666666667,18,16,1.4166666666666667,642,642,2019-11-03T00:00:00Z,642,Pavia Via Folperti,10.416666666666666,100,9.096527777777778,10.6
2019-11-04T00:00:00Z,642,Pavia Via Folperti,1.5,1,NA,NA,NA,25.733333333333334,81.025,4.745833333333334,26,13,2.408333333333333,642,642,2019-11-04T00:00:00Z,642,Pavia Via Folperti,10.01875,98.59097222222222,78.11597222222223,0.2
2019-11-05T00:00:00Z,642,Pavia Via Folperti,3.2,0.9,NA,NA,NA,29.8375,69.45,7.616666666666666,26,22,2.3083333333333336,642,642,2019-11-05T00:00:00Z,642,Pavia Via Folperti,12.261111111111111,96.35416666666667,74.725,2.4
2019-11-06T00:00:00Z,642,Pavia Via Folperti,2.2,0.9,NA,NA,NA,31.03333333333333,77.26666666666667,14.058333333333334,28,11,2.1625,642,642,2019-11-06T00:00:00Z,642,Pavia Via Folperti,9.542361111111111,100,24.725,16.2
2019-11-07T00:00:00Z,642,Pavia Via Folperti,6.3,0.7,NA,NA,NA,39.125,79.55,5.529166666666667,18,19,2.675,642,642,2019-11-07T00:00:00Z,642,Pavia Via Folperti,7.780555555555556,100,23.497916666666665,15.200000000000001
2019-11-08T00:00:00Z,642,Pavia Via Folperti,13.1,NA,NA,NA,NA,44.770833333333336,81.12916666666666,19.591666666666665,12,3,3.8541666666666665,642,642,2019-11-08T00:00:00Z,642,Pavia Via Folperti,10.188888888888888,99.91527777777777,32.36527777777778,16.8
2019-11-09T00:00:00Z,642,Pavia Via Folperti,11.6,NA,NA,NA,NA,47.92916666666667,91.74166666666666,13.75,22,20,4.645833333333333,642,642,2019-11-09T00:00:00Z,642,Pavia Via Folperti,8.391666666666667,95.62777777777778,99.52847222222222,8.8
2019-11-10T00:00:00Z,642,Pavia Via Folperti,9.1,NA,NA,NA,NA,44.325,96.06666666666666,8.9375,31,31,4.7,642,642,2019-11-10T00:00:00Z,642,Pavia Via Folperti,6.811111111111111,99.11180555555555,60.71805555555555,0
2019-11-11T00:00:00Z,642,Pavia Via Folperti,3.8,NA,NA,NA,NA,38.833333333333336,81.72083333333333,7.5,21,23,3.7708333333333335,642,642,2019-11-11T00:00:00Z,642,Pavia Via Folperti,7.172916666666667,100,20.718055555555555,11
2019-11-12T00:00:00Z,642,Pavia Via Folperti,4.4,NA,NA,NA,NA,39.47083333333333,72.90416666666667,18.295833333333334,14,13,4.791666666666667,642,642,2019-11-12T00:00:00Z,642,Pavia Via Folperti,7.830555555555556,98.5125,24.146527777777777,3.8000000000000003
2019-11-13T00:00:00Z,642,Pavia Via Folperti,2,NA,NA,NA,NA,40.17916666666667,85.78333333333333,13.8625,14,11,6.866666666666667,642,642,2019-11-13T00:00:00Z,642,Pavia Via Folperti,6.9743055555555555,80.35555555555555,102.87777777777778,0.2
2019-11-14T00:00:00Z,642,Pavia Via Folperti,3,0.7,NA,NA,NA,38.6625,90.95416666666667,5.316666666666666,36,32,3.0083333333333333,642,642,2019-11-14T00:00:00Z,642,Pavia Via Folperti,5.497222222222223,91.725,24.455555555555556,0.6000000000000001
2019-11-15T00:00:00Z,642,Pavia Via Folperti,0.9,0.8,NA,NA,NA,27.879166666666666,51.84166666666667,20.095833333333335,13,9,3.004166666666667,642,642,2019-11-15T00:00:00Z,642,Pavia Via Folperti,6.242361111111111,95.52916666666667,17.75,14.4
2019-11-16T00:00:00Z,642,Pavia Via Folperti,0.2,0.8,NA,NA,NA,31.358333333333334,57.670833333333334,8.279166666666667,27,23,2.1333333333333333,642,642,2019-11-16T00:00:00Z,642,Pavia Via Folperti,6.956944444444445,99.21875,27.593055555555555,5.8
2019-11-17T00:00:00Z,642,Pavia Via Folperti,0.1,0.4,NA,NA,NA,22.270833333333332,31.275,35.3875,9,10,1.6083333333333334,642,642,2019-11-17T00:00:00Z,642,Pavia Via Folperti,6.7972222222222225,99.87291666666667,19.508333333333333,17.2
2019-11-18T00:00:00Z,642,Pavia Via Folperti,0,0.5,NA,NA,NA,30.058333333333334,47.44166666666667,18.204166666666666,23,18,1.7666666666666666,642,642,2019-11-18T00:00:00Z,642,Pavia Via Folperti,6.647222222222222,99.11736111111111,24.250694444444445,11.600000000000001
2019-11-19T00:00:00Z,642,Pavia Via Folperti,0.1,0.7,NA,NA,NA,41.229166666666664,60.34583333333333,19.104166666666668,11,12,1.5541666666666667,642,642,2019-11-19T00:00:00Z,642,Pavia Via Folperti,7.379861111111111,100,8.561805555555555,28.6
2019-11-20T00:00:00Z,642,Pavia Via Folperti,0.1,1.2,NA,NA,NA,31.025,53.40416666666667,17.870833333333334,20,16,1.7708333333333333,642,642,2019-11-20T00:00:00Z,642,Pavia Via Folperti,8.697916666666666,100,26.060416666666665,0.4
2019-11-21T00:00:00Z,642,Pavia Via Folperti,0.1,0.7,NA,NA,NA,29.5375,53.56666666666666,8.520833333333334,27,22,1.8291666666666666,642,642,2019-11-21T00:00:00Z,642,Pavia Via Folperti,8.88888888888889,99.78680555555556,33.49583333333333,0.4
2019-11-22T00:00:00Z,642,Pavia Via Folperti,1.2,0.6,NA,NA,NA,33.0125,54.52916666666667,10.654166666666667,33,23,1.7541666666666667,642,642,2019-11-22T00:00:00Z,642,Pavia Via Folperti,9.76736111111111,100,15.794444444444444,6.4
2019-11-23T00:00:00Z,642,Pavia Via Folperti,0.5,0.2,NA,NA,NA,13.5125,18.833333333333332,51.6625,13,7,1.4208333333333334,642,642,2019-11-23T00:00:00Z,642,Pavia Via Folperti,11.109722222222222,99.9486111111111,8.413194444444445,18.2
2019-11-24T00:00:00Z,642,Pavia Via Folperti,0.1,0.2,NA,NA,NA,20.508333333333333,26.545833333333334,43.295833333333334,5,5,1.2291666666666667,642,642,2019-11-24T00:00:00Z,642,Pavia Via Folperti,11.745833333333334,95.13680555555555,13.399305555555555,12
2019-11-25T00:00:00Z,642,Pavia Via Folperti,0.5,0.3,NA,NA,NA,35.420833333333334,67.75,19.266666666666666,13,10,2.2666666666666666,642,642,2019-11-25T00:00:00Z,642,Pavia Via Folperti,12.811111111111112,93.12638888888888,72.59652777777778,1
2019-11-26T00:00:00Z,642,Pavia Via Folperti,0.7,0.9,NA,NA,NA,29.979166666666668,84.57083333333334,6.441666666666666,26,19,2.7,642,642,2019-11-26T00:00:00Z,642,Pavia Via Folperti,9.595138888888888,98.17430555555555,53.581944444444446,0
2019-11-27T00:00:00Z,642,Pavia Via Folperti,0.4,0.8,NA,NA,NA,33.516666666666666,84.83333333333333,3.0541666666666667,34,22,3.029166666666667,642,642,2019-11-27T00:00:00Z,642,Pavia Via Folperti,9.30625,100,5.509027777777778,19
2019-11-28T00:00:00Z,642,Pavia Via Folperti,0.5,0.9,NA,NA,NA,33.1125,80.6125,3.379166666666667,30,21,3.1625,642,642,2019-11-28T00:00:00Z,642,Pavia Via Folperti,9.889583333333333,99.44097222222223,28.258333333333333,0
2019-11-29T00:00:00Z,642,Pavia Via Folperti,0.3,0.8,NA,NA,NA,32.71666666666667,78.12083333333334,3.5875,36,19,3.091666666666667,642,642,2019-11-29T00:00:00Z,642,Pavia Via Folperti,5.807638888888889,100,28.21736111111111,0.2
2019-11-30T00:00:00Z,642,Pavia Via Folperti,2.3,0.9,NA,NA,NA,33.025,76.84166666666667,5.145833333333333,27,17,2.875,642,642,2019-11-30T00:00:00Z,642,Pavia Via Folperti,5.083333333333333,100,74.26180555555555,0.2
2019-12-01T00:00:00Z,642,Pavia Via Folperti,2.7,0.6,NA,NA,NA,26.4125,36.50833333333333,12.154166666666667,30,26,1.6875,642,642,2019-12-01T00:00:00Z,642,Pavia Via Folperti,6.638888888888889,100,8.750694444444445,13.8
2019-12-02T00:00:00Z,642,Pavia Via Folperti,0.6,1,NA,NA,NA,29.47083333333333,74.47083333333333,14.791666666666666,16,18,2.8041666666666667,642,642,2019-12-02T00:00:00Z,642,Pavia Via Folperti,6.538888888888889,95.57013888888889,55.78680555555555,2.4000000000000004
2019-12-03T00:00:00Z,642,Pavia Via Folperti,2.3,0.6,NA,NA,NA,32.8,51.573913043478264,13.770833333333334,16,12,1.8583333333333334,642,642,2019-12-03T00:00:00Z,642,Pavia Via Folperti,7.376388888888889,86.38819444444445,59.00069444444444,0
2019-12-04T00:00:00Z,642,Pavia Via Folperti,2.4,NA,NA,NA,NA,41.625,87.04166666666667,15.4875,29,22,2.1291666666666664,642,642,2019-12-04T00:00:00Z,642,Pavia Via Folperti,3.0993006993006995,81.71468531468531,78.81608391608391,0
2019-12-05T00:00:00Z,642,Pavia Via Folperti,0.8,NA,NA,NA,NA,43.18333333333334,141.79166666666666,5.320833333333334,45,38,3.783333333333333,642,642,2019-12-05T00:00:00Z,642,Pavia Via Folperti,2.3194444444444446,95.38888888888889,64.29791666666667,0
2019-12-06T00:00:00Z,642,Pavia Via Folperti,2.3,0.2,NA,NA,NA,43.579166666666666,139.95,3.9458333333333333,64,54,5.441666666666666,642,642,2019-12-06T00:00:00Z,642,Pavia Via Folperti,3.2555555555555555,93.32916666666667,38.75694444444444,0
2019-12-07T00:00:00Z,642,Pavia Via Folperti,2.1,0.3,NA,NA,NA,49.2875,119.64583333333333,6.525,69,59,4.970833333333333,642,642,2019-12-07T00:00:00Z,642,Pavia Via Folperti,4.873611111111111,85.45,60.43263888888889,0.2
2019-12-08T00:00:00Z,642,Pavia Via Folperti,10.1,0.5,NA,NA,NA,47.6125,138.90416666666667,4.041666666666667,83,74,4.920833333333333,642,642,2019-12-08T00:00:00Z,642,Pavia Via Folperti,6.071527777777778,90.67152777777778,42.240972222222226,0
2019-12-09T00:00:00Z,642,Pavia Via Folperti,3.1,0.3,NA,NA,NA,41.2375,89.06666666666666,9.116666666666667,75,63,5.179166666666666,642,642,2019-12-09T00:00:00Z,642,Pavia Via Folperti,7.030555555555556,89.38680555555555,53.70763888888889,0.2
2019-12-10T00:00:00Z,642,Pavia Via Folperti,1.9,0.1,NA,NA,NA,42.72083333333333,110.83333333333334,28.879166666666666,20,17,3.6416666666666666,642,642,2019-12-10T00:00:00Z,642,Pavia Via Folperti,8.032638888888888,50.31666666666667,76.40694444444445,0
2019-12-11T00:00:00Z,642,Pavia Via Folperti,4.6,0.1,NA,NA,NA,52.4875,132.70434782608694,5.658333333333333,48,44,4.25,642,642,2019-12-11T00:00:00Z,642,Pavia Via Folperti,2.8167832167832167,76.81258741258742,53.453146853146855,0
2019-12-12T00:00:00Z,642,Pavia Via Folperti,3.1,0,NA,NA,NA,38.541666666666664,57.49583333333333,20.083333333333332,36,31,2.5708333333333333,642,642,2019-12-12T00:00:00Z,642,Pavia Via Folperti,2.8520833333333333,89.90833333333333,28.324305555555554,2.2
2019-12-13T00:00:00Z,642,Pavia Via Folperti,0.6,0,NA,NA,NA,40.42916666666667,80.5,12.025,29,27,3.2916666666666665,642,642,2019-12-13T00:00:00Z,642,Pavia Via Folperti,1.4326388888888888,96.125,11.495138888888889,8
2019-12-14T00:00:00Z,642,Pavia Via Folperti,0.6,0.2,NA,NA,NA,46.4125,123.03333333333333,15.508333333333333,26,22,5.941666666666666,642,642,2019-12-14T00:00:00Z,642,Pavia Via Folperti,3.747916666666667,81.61041666666667,72.84236111111112,0.6000000000000001
2019-12-15T00:00:00Z,642,Pavia Via Folperti,5.6,0.1,NA,NA,NA,43.36666666666667,103.26666666666667,3.4541666666666666,40,38,3.595833333333333,642,642,2019-12-15T00:00:00Z,642,Pavia Via Folperti,3.7333333333333334,98.13472222222222,12.182638888888889,1.4000000000000001
2019-12-16T00:00:00Z,642,Pavia Via Folperti,1.2,0.5,NA,NA,NA,40.333333333333336,118.69166666666666,2.816666666666667,44,43,4.2,642,642,2019-12-16T00:00:00Z,642,Pavia Via Folperti,6.273611111111111,100,11.233333333333334,2.2
2019-12-17T00:00:00Z,642,Pavia Via Folperti,0.6,0.4,NA,NA,NA,40.75416666666667,104.4875,2.15,32,28,3.841666666666667,642,642,2019-12-17T00:00:00Z,642,Pavia Via Folperti,7.263888888888889,100,8.83125,8.6
2019-12-18T00:00:00Z,642,Pavia Via Folperti,0.1,0.5,NA,NA,NA,40.62916666666667,123.9,2.475,31,25,4.5,642,642,2019-12-18T00:00:00Z,642,Pavia Via Folperti,8.427083333333334,100,13.69513888888889,0.6000000000000001
2019-12-19T00:00:00Z,642,Pavia Via Folperti,0.1,0.5,NA,NA,NA,43.791666666666664,150.02083333333334,1.975,37,20,5.275,642,642,2019-12-19T00:00:00Z,642,Pavia Via Folperti,9.315277777777778,100,10.106944444444444,3.4000000000000004
2019-12-20T00:00:00Z,642,Pavia Via Folperti,1.6,0.2,NA,NA,NA,37.891666666666666,83.25416666666666,5.191666666666666,27,15,4.141666666666667,642,642,2019-12-20T00:00:00Z,642,Pavia Via Folperti,9.153472222222222,100,7.222222222222222,6.2
2019-12-21T00:00:00Z,642,Pavia Via Folperti,0.8,0.1,NA,NA,NA,34.95,71.52083333333333,6.191666666666666,14,NA,3.870833333333333,642,642,2019-12-21T00:00:00Z,642,Pavia Via Folperti,8.86013986013986,99.11678321678322,26.708391608391608,16.2
2019-12-22T00:00:00Z,642,Pavia Via Folperti,0.5,0,NA,NA,NA,30.4375,46.604166666666664,27.066666666666666,11,7,3.5875,642,642,2019-12-22T00:00:00Z,642,Pavia Via Folperti,9.141666666666667,86.03472222222223,61.800694444444446,24.4
2019-12-23T00:00:00Z,642,Pavia Via Folperti,0.8,0,NA,NA,NA,30.304166666666667,45.975,41.53333333333333,3,NA,2.966666666666667,642,642,2019-12-23T00:00:00Z,642,Pavia Via Folperti,9.830555555555556,52.225,71.91666666666667,0
2019-12-24T00:00:00Z,642,Pavia Via Folperti,1.5,0,NA,NA,NA,35.666666666666664,57.375,24.02916666666667,15,NA,4.070833333333333,642,642,2019-12-24T00:00:00Z,642,Pavia Via Folperti,7.988194444444445,55.74236111111111,58.55,0
2019-12-25T00:00:00Z,642,Pavia Via Folperti,1.2,0.1,NA,NA,NA,41.6,96.475,12.141666666666667,23,NA,3.7333333333333334,642,642,2019-12-25T00:00:00Z,642,Pavia Via Folperti,6.413194444444445,75.49583333333334,73.38958333333333,0
2019-12-26T00:00:00Z,642,Pavia Via Folperti,1.3,0,NA,NA,NA,34.80416666666667,70.25,10.720833333333333,29,NA,2.8833333333333333,642,642,2019-12-26T00:00:00Z,642,Pavia Via Folperti,4.064583333333333,81.27986111111112,61.02638888888889,0
2019-12-27T00:00:00Z,642,Pavia Via Folperti,1.2,NA,NA,NA,NA,41.55416666666667,115.52083333333333,4.466666666666667,50,NA,3.908333333333333,642,642,2019-12-27T00:00:00Z,642,Pavia Via Folperti,2.7715277777777776,89.88958333333333,53.644444444444446,0
2019-12-28T00:00:00Z,642,Pavia Via Folperti,1.2,NA,NA,NA,NA,44.329166666666666,140.93333333333334,5.2625,59,NA,4.429166666666666,642,642,2019-12-28T00:00:00Z,642,Pavia Via Folperti,2.1125,93.58958333333334,55.46805555555556,0
2019-12-29T00:00:00Z,642,Pavia Via Folperti,0.6,NA,NA,NA,NA,36.5125,102.26666666666667,5.629166666666666,60,NA,3.6208333333333336,642,642,2019-12-29T00:00:00Z,642,Pavia Via Folperti,1.7201388888888889,97.86458333333333,46.669444444444444,0
2019-12-30T00:00:00Z,642,Pavia Via Folperti,1.5,NA,NA,NA,NA,27.008333333333333,40.1125,25.4875,53,NA,1.825,642,642,2019-12-30T00:00:00Z,642,Pavia Via Folperti,3.2888888888888888,87.14236111111111,46.701388888888886,0
2019-12-31T00:00:00Z,642,Pavia Via Folperti,0.5,0.2,NA,NA,NA,34.9875,72.1375,11.629166666666666,63,NA,2.433333333333333,642,642,2019-12-31T00:00:00Z,642,Pavia Via Folperti,2.3243055555555556,85.83402777777778,66.80833333333334,0
